label,image_file_name
45,004014.jpg
74,006038.jpg
73,005844.jpg
4,002165.jpg
72,005668.jpg
56,004865.jpg
45,004008.jpg
48,000484.jpg
76,000760.jpg
83,000839.jpg
57,004909.jpg
93,007626.jpg
65,005358.jpg
80,006715.jpg
52,001546.jpg
32,003243.jpg
79,001817.jpg
18,001218.jpg
32,003235.jpg
3,002128.jpg
22,000223.jpg
76,006231.jpg
97,000979.jpg
73,001759.jpg
80,006633.jpg
39,003547.jpg
65,005327.jpg
21,002815.jpg
72,005768.jpg
76,006213.jpg
76,006268.jpg
14,000145.jpg
36,000367.jpg
89,007443.jpg
79,006518.jpg
41,003684.jpg
88,007357.jpg
66,005377.jpg
67,001690.jpg
47,001499.jpg
20,000162.jpg
76,006227.jpg
40,000407.jpg
11,002461.jpg
66,001685.jpg
77,006405.jpg
52,004646.jpg
80,006718.jpg
29,003177.jpg
83,006999.jpg
67,005395.jpg
50,004475.jpg
42,000424.jpg
14,001167.jpg
4,000048.jpg
40,003554.jpg
48,004200.jpg
93,007674.jpg
40,003559.jpg
82,006870.jpg
22,002906.jpg
45,000451.jpg
48,004185.jpg
76,006237.jpg
9,001117.jpg
36,003366.jpg
54,004704.jpg
98,008080.jpg
101,001019.jpg
59,000594.jpg
6,000062.jpg
38,003488.jpg
86,007131.jpg
15,002601.jpg
16,002684.jpg
83,001853.jpg
81,006795.jpg
73,005832.jpg
57,004894.jpg
58,004999.jpg
59,005064.jpg
86,007125.jpg
55,004813.jpg
79,006558.jpg
11,002436.jpg
93,007723.jpg
79,000794.jpg
90,007533.jpg
88,007402.jpg
38,001409.jpg
63,005229.jpg
88,007405.jpg
95,000953.jpg
21,002835.jpg
50,004379.jpg
4,000046.jpg
89,007467.jpg
40,001424.jpg
72,005769.jpg
74,006048.jpg
52,004626.jpg
81,006784.jpg
74,001762.jpg
76,006324.jpg
36,003390.jpg
87,007197.jpg
101,008176.jpg
40,003611.jpg
51,004571.jpg
95,007904.jpg
44,000442.jpg
33,000330.jpg
37,000371.jpg
84,007011.jpg
8,002322.jpg
22,002884.jpg
50,001529.jpg
72,005649.jpg
89,007473.jpg
61,001632.jpg
39,003549.jpg
51,004533.jpg
29,003161.jpg
49,004219.jpg
82,006922.jpg
75,006129.jpg
41,003659.jpg
34,003291.jpg
86,000863.jpg
97,008002.jpg
22,001247.jpg
24,002962.jpg
73,005905.jpg
4,001069.jpg
91,001931.jpg
13,002533.jpg
3,000039.jpg
62,005193.jpg
57,004893.jpg
36,003389.jpg
60,005132.jpg
34,003290.jpg
69,001717.jpg
87,000872.jpg
40,003607.jpg
39,003540.jpg
82,006886.jpg
21,002848.jpg
77,006412.jpg
31,001337.jpg
66,001686.jpg
42,003761.jpg
57,004958.jpg
9,001115.jpg
92,007620.jpg
75,006139.jpg
72,005781.jpg
79,006589.jpg
64,005297.jpg
70,001720.jpg
40,003588.jpg
10,002397.jpg
86,007104.jpg
45,000458.jpg
48,004177.jpg
50,004474.jpg
55,004791.jpg
29,003138.jpg
88,007365.jpg
37,003458.jpg
5,001072.jpg
71,000717.jpg
20,002620.jpg
29,000290.jpg
4,002168.jpg
22,002887.jpg
101,008183.jpg
72,005786.jpg
49,001510.jpg
50,001528.jpg
31,003226.jpg
72,005754.jpg
77,006386.jpg
34,003289.jpg
30,003194.jpg
44,003882.jpg
50,004323.jpg
77,006462.jpg
92,007614.jpg
93,007638.jpg
92,007616.jpg
45,003912.jpg
30,000304.jpg
83,007008.jpg
95,007906.jpg
63,005228.jpg
64,005250.jpg
89,007435.jpg
53,004676.jpg
59,005099.jpg
3,001054.jpg
25,002987.jpg
57,004880.jpg
37,003464.jpg
16,002665.jpg
34,003298.jpg
95,007917.jpg
2,001045.jpg
9,000096.jpg
77,006458.jpg
42,003746.jpg
9,002356.jpg
88,007383.jpg
24,000240.jpg
4,002196.jpg
77,006460.jpg
60,005119.jpg
33,003273.jpg
16,002649.jpg
71,005569.jpg
79,000792.jpg
2,002107.jpg
64,005264.jpg
45,004053.jpg
33,000336.jpg
54,000540.jpg
76,006261.jpg
74,006040.jpg
36,003374.jpg
40,001429.jpg
61,005152.jpg
58,004988.jpg
28,003091.jpg
82,006888.jpg
100,008155.jpg
93,007690.jpg
36,003383.jpg
91,007559.jpg
11,002440.jpg
45,004048.jpg
22,002896.jpg
57,004956.jpg
10,002406.jpg
10,002395.jpg
29,001318.jpg
10,002380.jpg
79,006583.jpg
42,003798.jpg
57,004884.jpg
82,006937.jpg
93,007660.jpg
80,006670.jpg
95,001970.jpg
5,002219.jpg
78,006500.jpg
22,002912.jpg
39,003546.jpg
4,000042.jpg
93,007662.jpg
95,001978.jpg
88,007323.jpg
57,004945.jpg
7,002293.jpg
41,001433.jpg
90,007535.jpg
1,002062.jpg
42,003774.jpg
72,005733.jpg
50,004432.jpg
64,005287.jpg
77,006421.jpg
51,004523.jpg
36,003381.jpg
87,007237.jpg
1,002067.jpg
39,003529.jpg
25,001275.jpg
28,003070.jpg
56,004860.jpg
50,004466.jpg
93,007747.jpg
77,006474.jpg
100,008135.jpg
70,005551.jpg
70,000709.jpg
70,001728.jpg
49,004269.jpg
51,004527.jpg
44,003891.jpg
11,000111.jpg
50,004441.jpg
25,001276.jpg
68,000689.jpg
42,003744.jpg
72,005689.jpg
72,005693.jpg
51,004537.jpg
78,006509.jpg
71,005610.jpg
92,000922.jpg
72,005630.jpg
7,002299.jpg
72,005730.jpg
9,002344.jpg
83,006950.jpg
74,005991.jpg
73,005888.jpg
43,003837.jpg
72,005742.jpg
77,006423.jpg
51,004548.jpg
82,006874.jpg
85,007054.jpg
88,007354.jpg
91,000910.jpg
82,006890.jpg
33,003262.jpg
76,006212.jpg
72,005799.jpg
35,003329.jpg
6,002236.jpg
28,001309.jpg
89,007432.jpg
21,002830.jpg
83,006951.jpg
23,002943.jpg
94,007779.jpg
57,000571.jpg
30,000308.jpg
7,002294.jpg
74,001761.jpg
64,000645.jpg
47,000475.jpg
84,007020.jpg
80,006657.jpg
50,004455.jpg
82,006868.jpg
64,005272.jpg
59,005024.jpg
10,002392.jpg
36,003367.jpg
45,003917.jpg
56,000569.jpg
40,003577.jpg
52,004631.jpg
94,007836.jpg
62,001640.jpg
97,008000.jpg
19,002791.jpg
87,007248.jpg
77,001796.jpg
22,002890.jpg
91,007573.jpg
16,002625.jpg
36,000365.jpg
77,000772.jpg
22,002878.jpg
88,007408.jpg
72,005676.jpg
25,000252.jpg
56,004858.jpg
74,000741.jpg
87,007177.jpg
18,001211.jpg
5,002212.jpg
57,004881.jpg
33,000337.jpg
54,004710.jpg
50,004435.jpg
53,000534.jpg
4,002181.jpg
40,003608.jpg
52,004628.jpg
73,005884.jpg
97,008047.jpg
42,003738.jpg
77,006438.jpg
30,001328.jpg
64,005263.jpg
73,005883.jpg
12,000129.jpg
89,007489.jpg
19,002800.jpg
45,004049.jpg
92,007602.jpg
82,000822.jpg
34,000340.jpg
44,003889.jpg
80,006727.jpg
84,007028.jpg
35,003310.jpg
0,000007.jpg
15,002586.jpg
27,003009.jpg
45,000457.jpg
21,000211.jpg
46,004096.jpg
51,004568.jpg
1,002071.jpg
58,005011.jpg
45,004029.jpg
75,006055.jpg
73,005829.jpg
83,006998.jpg
91,007568.jpg
83,006971.jpg
37,000372.jpg
73,005931.jpg
73,005838.jpg
20,000164.jpg
87,007156.jpg
16,002663.jpg
50,004357.jpg
65,005329.jpg
79,006573.jpg
72,005663.jpg
81,001839.jpg
68,000688.jpg
51,004531.jpg
59,005027.jpg
90,007517.jpg
65,005330.jpg
49,004226.jpg
40,003564.jpg
75,006074.jpg
71,005572.jpg
84,000840.jpg
67,005417.jpg
99,008115.jpg
9,002355.jpg
33,003265.jpg
87,007194.jpg
55,004799.jpg
94,001962.jpg
50,004500.jpg
23,000238.jpg
94,000945.jpg
29,003163.jpg
101,001016.jpg
10,000101.jpg
37,003480.jpg
74,006035.jpg
27,003029.jpg
45,003909.jpg
90,007546.jpg
51,004539.jpg
11,002481.jpg
17,002729.jpg
31,001333.jpg
100,002026.jpg
27,003020.jpg
93,007755.jpg
74,005962.jpg
86,001881.jpg
5,000056.jpg
99,008105.jpg
52,000521.jpg
29,003135.jpg
46,001481.jpg
67,001693.jpg
76,006144.jpg
76,006358.jpg
97,008022.jpg
36,000364.jpg
54,004741.jpg
11,002435.jpg
87,007214.jpg
73,005820.jpg
45,000455.jpg
76,006352.jpg
27,003030.jpg
94,007867.jpg
35,003356.jpg
28,003075.jpg
82,006834.jpg
93,007633.jpg
45,003944.jpg
41,000417.jpg
57,004913.jpg
19,002813.jpg
76,006339.jpg
22,002867.jpg
13,002551.jpg
76,006348.jpg
64,005293.jpg
87,007161.jpg
12,000125.jpg
79,001813.jpg
71,005563.jpg
45,003904.jpg
35,003331.jpg
7,002261.jpg
46,000463.jpg
74,005968.jpg
0,002045.jpg
12,000123.jpg
9,001110.jpg
75,006082.jpg
69,005480.jpg
57,004918.jpg
75,006088.jpg
64,005295.jpg
79,006563.jpg
40,003613.jpg
72,005766.jpg
54,004697.jpg
76,006346.jpg
72,005686.jpg
69,001714.jpg
54,004706.jpg
55,004746.jpg
42,003739.jpg
52,000520.jpg
75,006079.jpg
97,008013.jpg
45,003947.jpg
60,005114.jpg
80,006691.jpg
74,000747.jpg
71,005619.jpg
79,006570.jpg
46,004118.jpg
79,000791.jpg
87,000877.jpg
88,007412.jpg
68,005424.jpg
76,006201.jpg
75,000757.jpg
88,007355.jpg
29,003140.jpg
0,002055.jpg
51,004515.jpg
47,000477.jpg
61,005155.jpg
76,006215.jpg
67,000677.jpg
16,002632.jpg
16,001193.jpg
83,001857.jpg
81,006757.jpg
57,004907.jpg
93,007663.jpg
15,001171.jpg
10,002425.jpg
88,007394.jpg
8,002325.jpg
74,005983.jpg
73,005809.jpg
8,002314.jpg
77,006398.jpg
9,001116.jpg
54,004725.jpg
19,001223.jpg
53,001553.jpg
43,003822.jpg
80,006649.jpg
91,007589.jpg
77,006400.jpg
87,007262.jpg
84,007038.jpg
95,007912.jpg
35,000353.jpg
81,001836.jpg
56,001587.jpg
82,006918.jpg
79,006581.jpg
37,003479.jpg
76,006251.jpg
10,001123.jpg
71,005568.jpg
60,000602.jpg
72,005687.jpg
7,002254.jpg
59,005032.jpg
100,002020.jpg
73,005914.jpg
99,002011.jpg
72,005753.jpg
82,006920.jpg
51,004518.jpg
97,008001.jpg
12,002498.jpg
2,002104.jpg
53,004668.jpg
43,003853.jpg
96,007975.jpg
76,001788.jpg
55,004790.jpg
22,002885.jpg
36,003424.jpg
45,003980.jpg
76,006240.jpg
101,008174.jpg
99,008102.jpg
22,002898.jpg
76,006156.jpg
86,001880.jpg
28,003083.jpg
77,006391.jpg
60,005124.jpg
94,007807.jpg
25,000250.jpg
63,005220.jpg
49,004203.jpg
91,007551.jpg
73,005951.jpg
72,005659.jpg
93,007693.jpg
33,001352.jpg
55,000555.jpg
70,000708.jpg
72,005707.jpg
82,006895.jpg
43,003839.jpg
55,004814.jpg
65,005324.jpg
99,002014.jpg
41,003660.jpg
90,007504.jpg
3,002135.jpg
76,006183.jpg
36,003395.jpg
4,002175.jpg
6,000061.jpg
54,004727.jpg
76,006302.jpg
47,004150.jpg
45,004030.jpg
33,000339.jpg
99,000999.jpg
87,007154.jpg
77,006396.jpg
77,006477.jpg
76,006199.jpg
36,001380.jpg
93,007753.jpg
45,003933.jpg
5,002201.jpg
57,004946.jpg
90,007540.jpg
87,007195.jpg
48,004202.jpg
48,004195.jpg
58,004992.jpg
76,006182.jpg
92,007617.jpg
8,001100.jpg
68,000685.jpg
72,005629.jpg
100,008151.jpg
15,002600.jpg
44,001460.jpg
6,000069.jpg
40,003572.jpg
74,001769.jpg
76,001786.jpg
72,005656.jpg
95,007876.jpg
86,007096.jpg
45,004034.jpg
9,000095.jpg
50,001523.jpg
34,003294.jpg
83,006989.jpg
39,003517.jpg
75,006093.jpg
49,004221.jpg
74,005988.jpg
93,001952.jpg
79,000799.jpg
79,006537.jpg
7,001098.jpg
80,006674.jpg
50,004287.jpg
88,007381.jpg
38,001401.jpg
74,006034.jpg
69,000694.jpg
40,003589.jpg
82,006879.jpg
60,005113.jpg
79,006569.jpg
98,002009.jpg
65,005339.jpg
73,005836.jpg
98,008055.jpg
13,002529.jpg
82,006934.jpg
23,001255.jpg
64,000647.jpg
37,003456.jpg
53,004687.jpg
81,006808.jpg
88,007273.jpg
89,001914.jpg
53,000532.jpg
28,003111.jpg
11,002431.jpg
34,001361.jpg
77,006377.jpg
91,007564.jpg
3,002136.jpg
41,003663.jpg
74,001765.jpg
17,002701.jpg
84,001868.jpg
62,005186.jpg
50,004445.jpg
68,000680.jpg
1,002091.jpg
47,004166.jpg
76,006149.jpg
1,002094.jpg
76,006343.jpg
70,000706.jpg
84,000841.jpg
79,006546.jpg
22,002860.jpg
9,000094.jpg
50,004423.jpg
69,000691.jpg
99,002013.jpg
50,004452.jpg
39,003526.jpg
72,005790.jpg
47,004158.jpg
53,004663.jpg
27,001295.jpg
80,001824.jpg
50,004428.jpg
77,006422.jpg
88,007291.jpg
1,000016.jpg
45,004072.jpg
36,003441.jpg
31,003231.jpg
72,005778.jpg
37,001398.jpg
88,007328.jpg
13,002552.jpg
87,007212.jpg
51,001537.jpg
21,000212.jpg
99,008117.jpg
65,000656.jpg
40,003610.jpg
58,001607.jpg
48,004198.jpg
43,001456.jpg
40,003599.jpg
56,004869.jpg
30,003195.jpg
13,002526.jpg
50,004336.jpg
87,000873.jpg
93,007641.jpg
65,005348.jpg
43,001458.jpg
59,005044.jpg
72,000722.jpg
76,006238.jpg
39,003544.jpg
82,006866.jpg
51,004574.jpg
16,002675.jpg
51,001531.jpg
94,007854.jpg
95,007930.jpg
50,004397.jpg
55,004762.jpg
43,003846.jpg
4,002172.jpg
26,002993.jpg
51,004552.jpg
94,007814.jpg
93,007695.jpg
71,001735.jpg
87,007150.jpg
83,007003.jpg
79,006562.jpg
72,005735.jpg
18,002772.jpg
39,001415.jpg
7,000074.jpg
21,000214.jpg
10,002391.jpg
66,005374.jpg
10,002393.jpg
64,005304.jpg
51,004540.jpg
67,000678.jpg
50,004385.jpg
97,007997.jpg
4,002162.jpg
66,005368.jpg
96,007986.jpg
89,007439.jpg
51,004562.jpg
77,001793.jpg
74,005967.jpg
91,000919.jpg
40,003560.jpg
72,005775.jpg
98,000986.jpg
91,007590.jpg
70,005512.jpg
17,002715.jpg
55,004783.jpg
62,005181.jpg
70,005531.jpg
26,002990.jpg
71,005559.jpg
88,007312.jpg
67,005406.jpg
25,002980.jpg
4,002186.jpg
7,001094.jpg
33,001354.jpg
59,005079.jpg
46,000468.jpg
7,002300.jpg
9,002350.jpg
45,003934.jpg
76,006314.jpg
46,004102.jpg
84,007048.jpg
83,006945.jpg
52,004616.jpg
82,006931.jpg
93,007714.jpg
76,006307.jpg
57,000574.jpg
89,007486.jpg
34,003286.jpg
40,003645.jpg
45,001476.jpg
54,004712.jpg
28,003073.jpg
93,000937.jpg
45,003945.jpg
72,005749.jpg
72,005736.jpg
55,004828.jpg
95,007941.jpg
81,000814.jpg
88,007424.jpg
45,003955.jpg
77,006413.jpg
40,003626.jpg
75,006072.jpg
7,002266.jpg
16,002626.jpg
81,006768.jpg
48,004180.jpg
52,004609.jpg
50,004424.jpg
64,005289.jpg
17,002734.jpg
81,006826.jpg
53,004686.jpg
69,005481.jpg
12,000122.jpg
59,005036.jpg
77,006389.jpg
21,002840.jpg
76,006273.jpg
43,003866.jpg
98,000985.jpg
25,002981.jpg
83,001859.jpg
93,007760.jpg
27,003018.jpg
40,000402.jpg
80,006627.jpg
26,000267.jpg
62,001646.jpg
47,004138.jpg
42,003771.jpg
82,006848.jpg
12,002523.jpg
3,002154.jpg
11,002460.jpg
80,006671.jpg
54,001563.jpg
46,001483.jpg
63,001654.jpg
49,004254.jpg
45,004051.jpg
97,007996.jpg
47,004137.jpg
24,002966.jpg
45,004028.jpg
69,005473.jpg
76,006283.jpg
45,003998.jpg
93,007680.jpg
25,000254.jpg
87,007249.jpg
51,004576.jpg
73,005886.jpg
88,007330.jpg
72,005640.jpg
1,002072.jpg
25,000253.jpg
86,007093.jpg
76,006259.jpg
78,006504.jpg
42,001449.jpg
5,000053.jpg
55,004785.jpg
27,003041.jpg
23,002927.jpg
50,004394.jpg
97,008006.jpg
64,005276.jpg
72,001748.jpg
76,006321.jpg
20,000169.jpg
28,003108.jpg
50,004427.jpg
97,001990.jpg
98,008073.jpg
71,000715.jpg
87,007263.jpg
86,007101.jpg
37,003463.jpg
94,007870.jpg
19,002779.jpg
76,006181.jpg
39,001413.jpg
29,003153.jpg
22,002891.jpg
20,001188.jpg
82,006864.jpg
69,005471.jpg
94,007776.jpg
21,000213.jpg
50,004408.jpg
55,004789.jpg
48,004189.jpg
38,000384.jpg
88,007342.jpg
86,007097.jpg
99,000997.jpg
33,003266.jpg
36,000368.jpg
75,006118.jpg
62,001647.jpg
87,007163.jpg
42,003733.jpg
100,008154.jpg
33,001350.jpg
7,002247.jpg
45,004002.jpg
87,007178.jpg
93,000931.jpg
90,007520.jpg
64,005305.jpg
31,001330.jpg
74,006004.jpg
4,002199.jpg
74,006052.jpg
45,003903.jpg
80,006626.jpg
60,005129.jpg
17,002741.jpg
76,006350.jpg
43,003859.jpg
70,001729.jpg
17,002736.jpg
42,003760.jpg
91,007593.jpg
18,000195.jpg
84,007017.jpg
50,004386.jpg
55,004804.jpg
59,005106.jpg
84,007031.jpg
72,005695.jpg
82,006921.jpg
88,007300.jpg
76,006272.jpg
47,000478.jpg
17,002723.jpg
28,003109.jpg
32,001348.jpg
45,003978.jpg
45,004004.jpg
69,005493.jpg
31,003232.jpg
39,003535.jpg
14,001164.jpg
101,008187.jpg
73,005877.jpg
73,005873.jpg
50,000506.jpg
69,005467.jpg
45,003919.jpg
72,005705.jpg
51,004564.jpg
72,005796.jpg
66,000663.jpg
69,001719.jpg
23,000235.jpg
57,004930.jpg
88,007411.jpg
41,003679.jpg
57,004889.jpg
87,007187.jpg
45,003968.jpg
98,008086.jpg
76,006349.jpg
14,000144.jpg
82,006850.jpg
72,005631.jpg
52,004636.jpg
47,004168.jpg
53,004666.jpg
73,005859.jpg
45,003970.jpg
46,004106.jpg
16,002676.jpg
57,004898.jpg
49,004228.jpg
74,005978.jpg
72,005657.jpg
3,000036.jpg
66,005365.jpg
58,000583.jpg
36,003432.jpg
9,002354.jpg
77,006414.jpg
70,005500.jpg
16,002657.jpg
80,006702.jpg
45,004056.jpg
45,003921.jpg
79,006521.jpg
26,002991.jpg
73,005944.jpg
75,000751.jpg
60,005133.jpg
45,004050.jpg
68,001705.jpg
17,002692.jpg
10,001129.jpg
45,003975.jpg
28,003095.jpg
4,001061.jpg
46,004109.jpg
47,004167.jpg
51,004547.jpg
49,004205.jpg
5,002224.jpg
7,002253.jpg
74,005961.jpg
19,001226.jpg
64,001666.jpg
64,005285.jpg
54,000546.jpg
43,003819.jpg
31,000312.jpg
96,007980.jpg
28,003057.jpg
35,003337.jpg
81,006755.jpg
87,007167.jpg
38,001408.jpg
92,007607.jpg
49,004247.jpg
53,004656.jpg
68,005449.jpg
48,001508.jpg
76,006267.jpg
18,002752.jpg
28,003061.jpg
46,001487.jpg
27,001296.jpg
1,002088.jpg
73,005949.jpg
94,007770.jpg
11,002485.jpg
82,006933.jpg
79,006549.jpg
43,003834.jpg
81,006760.jpg
50,004415.jpg
22,002920.jpg
79,001816.jpg
87,007208.jpg
22,002899.jpg
40,003616.jpg
40,003620.jpg
81,006816.jpg
79,006552.jpg
50,004279.jpg
99,000993.jpg
85,000855.jpg
77,006454.jpg
64,005303.jpg
18,000194.jpg
70,005548.jpg
27,003044.jpg
31,000314.jpg
55,004774.jpg
47,004139.jpg
88,007390.jpg
27,003010.jpg
24,000246.jpg
52,004620.jpg
100,001008.jpg
66,005369.jpg
1,000010.jpg
16,002660.jpg
50,004314.jpg
80,006611.jpg
79,006533.jpg
42,003803.jpg
75,006064.jpg
7,002260.jpg
76,006298.jpg
17,000187.jpg
4,002177.jpg
90,007525.jpg
42,003716.jpg
71,005579.jpg
63,005237.jpg
91,007572.jpg
60,005111.jpg
45,004036.jpg
49,004265.jpg
94,001960.jpg
52,004596.jpg
52,004590.jpg
27,001297.jpg
10,002367.jpg
42,003753.jpg
76,006296.jpg
63,000631.jpg
88,007427.jpg
55,000551.jpg
29,003146.jpg
79,000796.jpg
22,002857.jpg
20,002603.jpg
11,002438.jpg
34,003295.jpg
26,000265.jpg
73,005937.jpg
85,007072.jpg
83,006973.jpg
5,002221.jpg
69,005477.jpg
63,005233.jpg
45,003964.jpg
7,002269.jpg
40,003622.jpg
45,001479.jpg
13,001155.jpg
20,000163.jpg
88,007367.jpg
38,000382.jpg
85,007062.jpg
49,004240.jpg
88,007360.jpg
4,002188.jpg
57,004955.jpg
24,002958.jpg
45,004021.jpg
81,006749.jpg
94,007848.jpg
58,000588.jpg
62,005179.jpg
18,002769.jpg
50,004413.jpg
41,003661.jpg
85,001879.jpg
61,005160.jpg
50,004280.jpg
45,003927.jpg
82,006897.jpg
64,001669.jpg
91,001939.jpg
33,003270.jpg
21,002851.jpg
54,004718.jpg
43,003816.jpg
2,001049.jpg
98,008057.jpg
88,007341.jpg
82,006873.jpg
56,000560.jpg
63,005211.jpg
93,007746.jpg
11,002478.jpg
100,008125.jpg
87,007146.jpg
85,007059.jpg
64,000648.jpg
98,008051.jpg
57,004901.jpg
88,007376.jpg
37,003477.jpg
7,001093.jpg
41,000411.jpg
36,000362.jpg
44,001466.jpg
96,007969.jpg
16,001191.jpg
65,001673.jpg
16,002653.jpg
94,001965.jpg
99,008110.jpg
90,007499.jpg
94,007799.jpg
85,007090.jpg
78,001800.jpg
80,006688.jpg
98,008076.jpg
40,003604.jpg
71,005628.jpg
94,007838.jpg
11,002445.jpg
17,001203.jpg
74,000748.jpg
97,000970.jpg
3,002146.jpg
55,004777.jpg
29,000297.jpg
35,001370.jpg
91,007585.jpg
83,006964.jpg
93,007671.jpg
60,005116.jpg
4,001064.jpg
16,002674.jpg
2,000025.jpg
45,000456.jpg
50,004509.jpg
14,002568.jpg
89,007476.jpg
50,004463.jpg
89,000898.jpg
51,004535.jpg
76,006316.jpg
76,006169.jpg
57,000579.jpg
40,003581.jpg
13,000139.jpg
72,005757.jpg
97,001993.jpg
46,001485.jpg
5,001078.jpg
75,006073.jpg
80,006659.jpg
81,006769.jpg
41,001431.jpg
49,004225.jpg
18,001217.jpg
76,006292.jpg
88,001906.jpg
0,002054.jpg
50,004355.jpg
19,002789.jpg
75,006070.jpg
3,002142.jpg
36,003438.jpg
88,000883.jpg
50,000507.jpg
73,005831.jpg
95,007899.jpg
80,006597.jpg
17,002718.jpg
46,004119.jpg
36,003373.jpg
55,004793.jpg
64,005260.jpg
72,005637.jpg
76,006242.jpg
46,004086.jpg
26,001281.jpg
77,006374.jpg
21,002831.jpg
50,004418.jpg
13,001152.jpg
35,003314.jpg
72,005728.jpg
87,007250.jpg
50,004493.jpg
34,003296.jpg
73,005928.jpg
72,005638.jpg
18,000192.jpg
22,002855.jpg
28,003100.jpg
93,007751.jpg
73,005856.jpg
47,004162.jpg
57,000573.jpg
36,003412.jpg
62,005206.jpg
76,006330.jpg
88,007343.jpg
43,003835.jpg
97,008030.jpg
19,002782.jpg
13,002542.jpg
39,000390.jpg
83,006981.jpg
3,002149.jpg
76,006191.jpg
29,003174.jpg
94,007843.jpg
75,006127.jpg
40,003656.jpg
100,008153.jpg
49,004257.jpg
32,001346.jpg
8,000081.jpg
77,006376.jpg
50,004311.jpg
72,005641.jpg
50,004307.jpg
22,002901.jpg
30,003185.jpg
5,002206.jpg
20,000165.jpg
1,001030.jpg
91,007553.jpg
30,000300.jpg
43,003840.jpg
61,001639.jpg
19,002794.jpg
36,003380.jpg
84,007046.jpg
68,005452.jpg
76,006277.jpg
13,002536.jpg
72,001745.jpg
81,006827.jpg
59,005045.jpg
54,004738.jpg
25,002973.jpg
77,006444.jpg
59,005096.jpg
42,000426.jpg
29,003137.jpg
91,007587.jpg
81,006807.jpg
84,000844.jpg
59,000598.jpg
63,001651.jpg
77,006445.jpg
50,004426.jpg
60,001622.jpg
51,004534.jpg
26,002996.jpg
44,003881.jpg
65,005323.jpg
10,002379.jpg
90,007506.jpg
88,007346.jpg
77,006453.jpg
50,004384.jpg
80,006635.jpg
50,004368.jpg
97,008038.jpg
67,001697.jpg
50,004372.jpg
51,004549.jpg
74,001768.jpg
31,003219.jpg
85,007070.jpg
80,006676.jpg
45,000459.jpg
96,001988.jpg
49,001515.jpg
7,002278.jpg
5,002208.jpg
21,002836.jpg
85,007066.jpg
44,001465.jpg
93,001957.jpg
19,000200.jpg
45,004032.jpg
81,006762.jpg
45,004013.jpg
53,001554.jpg
3,000034.jpg
45,003932.jpg
68,001706.jpg
76,006371.jpg
76,006197.jpg
76,006204.jpg
43,003828.jpg
69,000698.jpg
76,006147.jpg
90,000904.jpg
64,001667.jpg
62,000620.jpg
40,003651.jpg
82,006884.jpg
54,004740.jpg
13,002538.jpg
72,005691.jpg
55,004765.jpg
80,006678.jpg
67,000674.jpg
30,001320.jpg
40,003637.jpg
94,000943.jpg
77,006393.jpg
45,004045.jpg
16,002624.jpg
58,000585.jpg
87,001896.jpg
47,004151.jpg
55,004812.jpg
22,002923.jpg
50,004508.jpg
29,000292.jpg
61,005146.jpg
82,006924.jpg
6,000066.jpg
14,002573.jpg
33,001351.jpg
37,003450.jpg
55,004801.jpg
55,004823.jpg
95,007884.jpg
27,003023.jpg
68,005442.jpg
88,007372.jpg
8,002326.jpg
12,000128.jpg
23,001256.jpg
76,006217.jpg
80,006696.jpg
46,004079.jpg
50,004484.jpg
96,007974.jpg
57,004970.jpg
22,002892.jpg
80,006614.jpg
51,001534.jpg
68,005423.jpg
11,000117.jpg
50,004321.jpg
68,000684.jpg
80,006710.jpg
38,001407.jpg
53,004670.jpg
75,006098.jpg
16,002679.jpg
17,001201.jpg
72,005711.jpg
67,005391.jpg
77,006381.jpg
22,002874.jpg
85,007061.jpg
14,002559.jpg
27,000272.jpg
68,005438.jpg
11,000118.jpg
79,006543.jpg
5,002218.jpg
15,000159.jpg
73,005870.jpg
38,003498.jpg
94,007824.jpg
57,004962.jpg
42,001443.jpg
49,004213.jpg
80,006662.jpg
17,002747.jpg
71,005604.jpg
7,002274.jpg
21,002822.jpg
64,000644.jpg
55,004786.jpg
73,005815.jpg
21,001239.jpg
76,006303.jpg
55,004784.jpg
59,005072.jpg
12,002506.jpg
60,001629.jpg
43,003869.jpg
89,007468.jpg
22,002889.jpg
84,007022.jpg
90,007501.jpg
56,004873.jpg
80,006699.jpg
97,000977.jpg
9,001113.jpg
83,006947.jpg
88,007310.jpg
72,005639.jpg
49,004216.jpg
88,000887.jpg
94,007768.jpg
86,007124.jpg
51,004572.jpg
46,004117.jpg
30,003205.jpg
84,001869.jpg
61,005172.jpg
3,001053.jpg
88,007322.jpg
86,007114.jpg
56,004872.jpg
67,005408.jpg
58,005019.jpg
34,001368.jpg
24,001263.jpg
50,004337.jpg
50,004352.jpg
68,005421.jpg
36,003384.jpg
34,000347.jpg
72,005797.jpg
45,004001.jpg
96,007943.jpg
28,003088.jpg
22,002904.jpg
67,005411.jpg
73,005851.jpg
33,000334.jpg
74,000743.jpg
71,005567.jpg
81,006832.jpg
74,005993.jpg
72,000725.jpg
98,008077.jpg
71,005611.jpg
0,001028.jpg
53,000536.jpg
42,003763.jpg
100,008152.jpg
86,007116.jpg
95,007914.jpg
72,005694.jpg
100,008138.jpg
57,000576.jpg
0,000008.jpg
74,006013.jpg
76,006158.jpg
70,005543.jpg
45,003959.jpg
73,005866.jpg
78,006503.jpg
75,006054.jpg
8,002329.jpg
90,001929.jpg
57,004954.jpg
77,006404.jpg
80,006643.jpg
99,008116.jpg
96,001980.jpg
76,006301.jpg
59,005070.jpg
13,002544.jpg
79,006514.jpg
76,006192.jpg
90,007521.jpg
23,000232.jpg
12,002521.jpg
7,000079.jpg
54,004733.jpg
70,005545.jpg
90,001923.jpg
72,005761.jpg
80,006624.jpg
93,007658.jpg
76,006221.jpg
86,007106.jpg
11,002467.jpg
50,004325.jpg
87,007190.jpg
74,006044.jpg
84,001860.jpg
50,001525.jpg
27,003050.jpg
95,007922.jpg
93,001959.jpg
35,003342.jpg
50,004409.jpg
48,000489.jpg
7,001090.jpg
14,001161.jpg
25,000259.jpg
60,005126.jpg
81,006742.jpg
2,002119.jpg
58,005015.jpg
61,001633.jpg
72,005634.jpg
64,005308.jpg
56,004857.jpg
30,000303.jpg
87,000874.jpg
47,004161.jpg
49,004273.jpg
62,005203.jpg
40,003567.jpg
75,006126.jpg
73,005821.jpg
47,004152.jpg
93,007699.jpg
21,002828.jpg
17,002693.jpg
59,005057.jpg
99,008101.jpg
55,004817.jpg
31,003214.jpg
81,006790.jpg
95,001975.jpg
81,006767.jpg
44,000441.jpg
73,005945.jpg
41,000414.jpg
3,002131.jpg
96,007964.jpg
80,000804.jpg
23,002944.jpg
93,007683.jpg
91,000913.jpg
50,001524.jpg
57,004967.jpg
2,000026.jpg
95,007888.jpg
55,004825.jpg
73,005806.jpg
50,004462.jpg
36,003419.jpg
6,002228.jpg
93,007729.jpg
1,002078.jpg
72,005683.jpg
73,005917.jpg
67,005409.jpg
17,002728.jpg
97,008043.jpg
88,007268.jpg
90,007537.jpg
73,005849.jpg
88,007324.jpg
74,006016.jpg
11,002483.jpg
58,005006.jpg
8,002333.jpg
82,006865.jpg
65,005357.jpg
95,007913.jpg
88,007285.jpg
40,003551.jpg
93,007624.jpg
88,007345.jpg
25,002969.jpg
17,002745.jpg
93,007653.jpg
10,002404.jpg
52,004610.jpg
77,006448.jpg
59,005074.jpg
8,002331.jpg
79,006578.jpg
26,001286.jpg
93,007628.jpg
37,003460.jpg
84,007027.jpg
71,001732.jpg
87,007231.jpg
55,004754.jpg
63,005216.jpg
30,003180.jpg
4,000047.jpg
8,002324.jpg
43,003878.jpg
45,003987.jpg
80,006668.jpg
15,002590.jpg
31,000318.jpg
36,003417.jpg
17,002713.jpg
80,006630.jpg
0,002053.jpg
92,001944.jpg
28,003103.jpg
87,007228.jpg
89,007442.jpg
52,004625.jpg
1,002060.jpg
52,001549.jpg
65,005346.jpg
59,005065.jpg
15,000156.jpg
72,005801.jpg
45,004019.jpg
60,000605.jpg
15,001176.jpg
73,005875.jpg
70,001723.jpg
93,007682.jpg
94,007815.jpg
11,002434.jpg
16,002645.jpg
43,003824.jpg
100,002022.jpg
92,001948.jpg
6,000063.jpg
81,006804.jpg
57,004885.jpg
94,007853.jpg
24,000244.jpg
63,005218.jpg
50,004406.jpg
70,005518.jpg
69,005485.jpg
52,004591.jpg
24,002967.jpg
16,002683.jpg
77,006373.jpg
48,004196.jpg
53,000537.jpg
81,006786.jpg
95,007910.jpg
28,003099.jpg
54,004717.jpg
46,000460.jpg
49,004206.jpg
68,005437.jpg
69,005465.jpg
76,006243.jpg
88,007418.jpg
53,001555.jpg
0,002056.jpg
73,005813.jpg
47,001496.jpg
49,001511.jpg
93,007701.jpg
43,003851.jpg
25,002985.jpg
7,000070.jpg
26,000263.jpg
94,007825.jpg
69,005457.jpg
71,000719.jpg
55,004827.jpg
9,000091.jpg
29,003117.jpg
75,006101.jpg
74,006053.jpg
66,001687.jpg
88,007419.jpg
74,005964.jpg
87,007204.jpg
94,007823.jpg
89,001913.jpg
54,004724.jpg
88,007359.jpg
94,007797.jpg
98,008066.jpg
28,003089.jpg
72,005690.jpg
17,002694.jpg
78,001803.jpg
87,007141.jpg
76,006154.jpg
97,008036.jpg
92,001943.jpg
39,003534.jpg
34,003292.jpg
46,004087.jpg
84,007019.jpg
73,005892.jpg
96,000961.jpg
45,003920.jpg
29,001314.jpg
93,007703.jpg
10,002372.jpg
13,001157.jpg
23,002935.jpg
45,003938.jpg
16,002630.jpg
26,001284.jpg
59,005107.jpg
88,007428.jpg
57,004905.jpg
37,003454.jpg
50,004429.jpg
44,001467.jpg
51,000519.jpg
45,004046.jpg
97,008015.jpg
50,004388.jpg
74,005970.jpg
36,003382.jpg
3,000031.jpg
14,002570.jpg
72,005800.jpg
45,004015.jpg
72,005643.jpg
72,005669.jpg
97,008040.jpg
83,006949.jpg
95,007892.jpg
59,005051.jpg
43,003812.jpg
82,006923.jpg
85,007060.jpg
39,003536.jpg
80,006709.jpg
1,002097.jpg
50,004417.jpg
45,004057.jpg
23,002929.jpg
45,003939.jpg
47,004149.jpg
50,004334.jpg
89,007472.jpg
80,006623.jpg
79,006513.jpg
77,006446.jpg
94,007833.jpg
39,003508.jpg
47,000479.jpg
76,006165.jpg
73,005818.jpg
42,003731.jpg
72,005688.jpg
73,005868.jpg
17,002716.jpg
7,002286.jpg
78,001804.jpg
59,005083.jpg
80,006625.jpg
79,006582.jpg
72,005682.jpg
52,004645.jpg
59,001613.jpg
69,000697.jpg
63,000637.jpg
32,003254.jpg
9,002361.jpg
1,002070.jpg
16,002668.jpg
53,004684.jpg
88,007299.jpg
72,005699.jpg
80,006669.jpg
11,002491.jpg
93,007726.jpg
92,007605.jpg
62,005175.jpg
25,002975.jpg
70,005521.jpg
89,000894.jpg
84,007037.jpg
39,003506.jpg
10,002420.jpg
76,006288.jpg
60,005125.jpg
37,001390.jpg
73,005926.jpg
34,001367.jpg
52,004617.jpg
47,004125.jpg
13,000136.jpg
101,002038.jpg
84,007050.jpg
85,001878.jpg
101,001014.jpg
53,004677.jpg
93,007732.jpg
20,002610.jpg
81,006793.jpg
98,008075.jpg
54,004703.jpg
80,006714.jpg
50,004317.jpg
35,000356.jpg
61,005162.jpg
46,004122.jpg
58,005016.jpg
23,000239.jpg
6,002237.jpg
71,005566.jpg
47,004171.jpg
36,000366.jpg
92,007608.jpg
80,006615.jpg
57,004964.jpg
96,007954.jpg
62,005196.jpg
68,005435.jpg
35,003340.jpg
3,001058.jpg
71,005565.jpg
56,004848.jpg
55,004775.jpg
44,003884.jpg
6,000067.jpg
8,000088.jpg
74,005981.jpg
77,006455.jpg
17,000186.jpg
57,004943.jpg
72,005740.jpg
73,005939.jpg
37,003469.jpg
13,002531.jpg
66,000661.jpg
64,001663.jpg
5,002209.jpg
87,001894.jpg
45,004070.jpg
77,006428.jpg
40,003642.jpg
71,005585.jpg
10,000104.jpg
89,007460.jpg
17,002703.jpg
53,004674.jpg
85,007076.jpg
63,005232.jpg
36,003364.jpg
56,001588.jpg
39,003514.jpg
31,003210.jpg
64,005240.jpg
29,003149.jpg
21,002820.jpg
41,003678.jpg
54,001566.jpg
51,004541.jpg
67,005386.jpg
87,007240.jpg
101,008161.jpg
100,008134.jpg
59,005041.jpg
101,001015.jpg
95,007894.jpg
18,002754.jpg
25,002971.jpg
84,007049.jpg
79,006519.jpg
55,001574.jpg
57,004895.jpg
78,000788.jpg
40,001428.jpg
68,000686.jpg
57,004888.jpg
81,006785.jpg
48,004197.jpg
93,001956.jpg
74,005972.jpg
41,003695.jpg
36,003359.jpg
91,001933.jpg
72,005717.jpg
30,001323.jpg
75,006138.jpg
73,005895.jpg
55,004803.jpg
57,004919.jpg
1,002090.jpg
22,002877.jpg
54,000547.jpg
72,005633.jpg
23,002932.jpg
75,006084.jpg
96,007965.jpg
93,007665.jpg
71,005624.jpg
88,007407.jpg
99,000992.jpg
65,005338.jpg
0,000005.jpg
80,006693.jpg
67,005401.jpg
61,005158.jpg
11,001135.jpg
81,006822.jpg
50,004387.jpg
59,005034.jpg
80,001822.jpg
100,008157.jpg
15,001170.jpg
47,004146.jpg
60,001624.jpg
82,000827.jpg
91,000918.jpg
3,002123.jpg
56,000561.jpg
77,006409.jpg
21,002842.jpg
89,007480.jpg
83,006966.jpg
58,004995.jpg
56,004846.jpg
72,000728.jpg
56,004849.jpg
86,000865.jpg
17,002731.jpg
91,007570.jpg
20,001185.jpg
7,002270.jpg
94,000946.jpg
73,005923.jpg
35,003335.jpg
41,001438.jpg
70,005532.jpg
62,005204.jpg
84,007039.jpg
13,002532.jpg
14,002581.jpg
70,001725.jpg
35,003308.jpg
50,004503.jpg
12,002499.jpg
16,002672.jpg
55,004769.jpg
76,006224.jpg
73,005935.jpg
73,005827.jpg
39,001417.jpg
10,002368.jpg
87,007224.jpg
57,004961.jpg
94,007849.jpg
62,005198.jpg
84,001864.jpg
8,002313.jpg
22,002873.jpg
6,001080.jpg
25,001272.jpg
76,006164.jpg
77,006395.jpg
62,001643.jpg
42,000422.jpg
50,004451.jpg
88,007415.jpg
94,001961.jpg
18,000198.jpg
88,007368.jpg
62,005195.jpg
7,002295.jpg
88,007289.jpg
88,001909.jpg
80,006600.jpg
59,005078.jpg
83,006982.jpg
82,006847.jpg
73,005909.jpg
52,004607.jpg
73,005861.jpg
76,006306.jpg
76,006274.jpg
27,003039.jpg
16,002641.jpg
13,002546.jpg
52,001544.jpg
31,003234.jpg
86,007129.jpg
71,005555.jpg
100,008143.jpg
49,001517.jpg
10,000109.jpg
95,000959.jpg
22,002886.jpg
78,006489.jpg
97,000976.jpg
10,001125.jpg
100,008126.jpg
92,007613.jpg
36,003398.jpg
26,000269.jpg
41,000410.jpg
42,000423.jpg
21,002829.jpg
14,002578.jpg
56,004859.jpg
4,002174.jpg
52,000522.jpg
100,002023.jpg
84,007041.jpg
7,002246.jpg
96,007979.jpg
50,004356.jpg
20,000168.jpg
40,001420.jpg
10,002376.jpg
74,005976.jpg
3,002137.jpg
10,001124.jpg
62,005176.jpg
63,000639.jpg
72,005708.jpg
71,005605.jpg
51,004557.jpg
66,005372.jpg
70,005523.jpg
24,002957.jpg
95,007903.jpg
88,001907.jpg
12,002511.jpg
17,002710.jpg
43,000432.jpg
96,007957.jpg
31,003215.jpg
92,000925.jpg
79,006525.jpg
1,002069.jpg
73,005924.jpg
64,005268.jpg
75,000758.jpg
79,006564.jpg
52,004629.jpg
28,000288.jpg
69,001710.jpg
94,007871.jpg
89,007474.jpg
76,006226.jpg
9,002352.jpg
75,006120.jpg
76,006159.jpg
11,001137.jpg
95,000955.jpg
81,000818.jpg
49,001514.jpg
8,000080.jpg
80,006711.jpg
9,001119.jpg
61,005149.jpg
89,007454.jpg
76,000766.jpg
24,002948.jpg
99,000998.jpg
63,005230.jpg
90,007494.jpg
49,000490.jpg
101,008184.jpg
29,003145.jpg
42,003742.jpg
1,002061.jpg
89,007485.jpg
74,005987.jpg
100,002027.jpg
97,008027.jpg
79,001812.jpg
87,007221.jpg
82,006853.jpg
72,005780.jpg
40,003594.jpg
32,000320.jpg
93,007685.jpg
19,001224.jpg
59,001616.jpg
94,007789.jpg
41,003664.jpg
58,004981.jpg
71,005584.jpg
99,008098.jpg
97,000978.jpg
88,007292.jpg
29,003115.jpg
31,001338.jpg
50,004288.jpg
14,002565.jpg
5,000051.jpg
45,003908.jpg
16,001194.jpg
35,003324.jpg
28,003097.jpg
82,006905.jpg
56,004847.jpg
40,003648.jpg
72,005791.jpg
91,000917.jpg
42,003791.jpg
42,003699.jpg
55,004798.jpg
73,005811.jpg
19,002809.jpg
11,002429.jpg
22,002883.jpg
41,003669.jpg
85,001872.jpg
70,005529.jpg
42,001440.jpg
57,001591.jpg
30,003202.jpg
82,006878.jpg
101,008179.jpg
25,002988.jpg
46,004092.jpg
91,007592.jpg
94,007832.jpg
94,007818.jpg
14,002560.jpg
73,005865.jpg
75,000752.jpg
56,004842.jpg
10,000107.jpg
18,002760.jpg
50,004434.jpg
43,003850.jpg
31,003223.jpg
90,007523.jpg
51,004542.jpg
18,001216.jpg
73,005807.jpg
83,006988.jpg
72,005785.jpg
13,002550.jpg
84,001861.jpg
14,001163.jpg
57,004883.jpg
60,001620.jpg
18,002750.jpg
28,003065.jpg
49,004242.jpg
43,003814.jpg
82,000824.jpg
31,000316.jpg
53,004654.jpg
40,003646.jpg
17,002725.jpg
83,006996.jpg
76,006285.jpg
87,007135.jpg
76,006315.jpg
91,001935.jpg
101,008170.jpg
77,006464.jpg
34,000342.jpg
18,001215.jpg
55,001578.jpg
64,005254.jpg
29,003130.jpg
45,004059.jpg
87,007144.jpg
38,001403.jpg
22,002916.jpg
55,001571.jpg
47,004172.jpg
45,003941.jpg
101,002037.jpg
45,003907.jpg
83,006978.jpg
77,000773.jpg
73,005948.jpg
81,006758.jpg
45,003910.jpg
95,007891.jpg
70,005510.jpg
57,004968.jpg
16,002648.jpg
62,000625.jpg
87,007245.jpg
52,004640.jpg
95,000957.jpg
50,004335.jpg
74,006046.jpg
53,004678.jpg
72,005767.jpg
65,000657.jpg
93,007687.jpg
14,002574.jpg
58,001601.jpg
61,005140.jpg
16,002677.jpg
40,003617.jpg
20,002621.jpg
7,002265.jpg
14,002576.jpg
61,005148.jpg
79,006529.jpg
1,000018.jpg
40,000404.jpg
74,006011.jpg
49,004207.jpg
96,007952.jpg
64,005244.jpg
83,006954.jpg
4,002185.jpg
67,005392.jpg
71,005573.jpg
49,004237.jpg
85,007071.jpg
45,003994.jpg
27,003021.jpg
97,007993.jpg
64,005307.jpg
35,003334.jpg
16,002681.jpg
84,007026.jpg
48,004182.jpg
93,000932.jpg
84,007030.jpg
90,007518.jpg
35,001376.jpg
20,002622.jpg
29,000295.jpg
52,004594.jpg
59,005071.jpg
49,004252.jpg
93,007625.jpg
35,003347.jpg
87,007207.jpg
80,006599.jpg
73,005904.jpg
77,006468.jpg
93,001953.jpg
98,002001.jpg
80,006675.jpg
79,006550.jpg
36,003439.jpg
40,003636.jpg
2,002118.jpg
7,001097.jpg
50,004350.jpg
55,004807.jpg
50,004477.jpg
9,001114.jpg
93,007737.jpg
50,004448.jpg
11,001136.jpg
37,003466.jpg
59,005063.jpg
97,008049.jpg
93,007748.jpg
50,004403.jpg
60,005115.jpg
27,003015.jpg
11,002492.jpg
77,006384.jpg
90,007529.jpg
76,006266.jpg
95,000954.jpg
64,000643.jpg
96,000964.jpg
47,004163.jpg
10,002386.jpg
10,002370.jpg
39,001416.jpg
81,006825.jpg
1,000017.jpg
60,001625.jpg
91,007566.jpg
94,007802.jpg
11,002476.jpg
50,004391.jpg
99,008099.jpg
23,000237.jpg
50,004369.jpg
31,003212.jpg
76,006337.jpg
56,004874.jpg
25,000251.jpg
98,008093.jpg
88,001901.jpg
44,003899.jpg
11,002463.jpg
72,005798.jpg
52,004605.jpg
35,003346.jpg
93,007712.jpg
57,004949.jpg
20,001184.jpg
59,005058.jpg
53,004685.jpg
50,004496.jpg
74,005998.jpg
19,001225.jpg
88,007270.jpg
32,003256.jpg
101,002031.jpg
57,004965.jpg
71,005616.jpg
88,007287.jpg
27,003052.jpg
76,006153.jpg
2,002110.jpg
66,005373.jpg
62,005201.jpg
76,006152.jpg
99,002018.jpg
79,006571.jpg
7,002303.jpg
90,007519.jpg
75,006128.jpg
87,007182.jpg
46,004115.jpg
73,005900.jpg
42,003805.jpg
21,002818.jpg
71,005594.jpg
65,005328.jpg
64,005251.jpg
8,002328.jpg
61,000611.jpg
57,004947.jpg
73,005830.jpg
79,006551.jpg
42,003787.jpg
79,000790.jpg
50,004510.jpg
4,002160.jpg
86,007103.jpg
42,003723.jpg
56,001582.jpg
71,005576.jpg
4,001068.jpg
29,003126.jpg
42,003741.jpg
101,001013.jpg
2,002117.jpg
52,004584.jpg
30,003189.jpg
61,005167.jpg
79,000797.jpg
51,004559.jpg
76,000768.jpg
60,005109.jpg
97,007999.jpg
57,001594.jpg
15,002592.jpg
72,005709.jpg
51,004521.jpg
51,004514.jpg
77,006459.jpg
27,003035.jpg
15,001179.jpg
42,003779.jpg
76,006369.jpg
1,001035.jpg
76,006310.jpg
87,007239.jpg
0,002042.jpg
52,001540.jpg
11,000114.jpg
32,003238.jpg
73,005916.jpg
38,003502.jpg
22,000222.jpg
73,005922.jpg
64,000646.jpg
56,004844.jpg
23,001252.jpg
70,000701.jpg
37,003473.jpg
50,004374.jpg
88,007431.jpg
36,003436.jpg
48,004193.jpg
76,001781.jpg
49,004262.jpg
80,006728.jpg
35,003319.jpg
53,004659.jpg
101,008180.jpg
48,001502.jpg
80,006654.jpg
82,006887.jpg
74,006043.jpg
73,005850.jpg
76,006222.jpg
37,000374.jpg
30,001327.jpg
3,002121.jpg
94,007766.jpg
77,001795.jpg
31,003218.jpg
19,002797.jpg
12,002504.jpg
16,002637.jpg
22,002924.jpg
59,005101.jpg
7,000073.jpg
77,006465.jpg
7,002298.jpg
31,003213.jpg
65,001672.jpg
74,005955.jpg
90,007516.jpg
40,003561.jpg
43,003856.jpg
93,007627.jpg
49,000497.jpg
21,002827.jpg
82,006916.jpg
49,001519.jpg
17,002704.jpg
16,002638.jpg
59,005089.jpg
28,003096.jpg
54,004694.jpg
74,005975.jpg
76,006364.jpg
72,005758.jpg
50,000503.jpg
88,007378.jpg
97,008025.jpg
0,001022.jpg
67,005414.jpg
80,006656.jpg
87,007168.jpg
85,000856.jpg
5,002217.jpg
64,005270.jpg
61,000618.jpg
50,004487.jpg
100,008127.jpg
43,001459.jpg
44,000440.jpg
53,004675.jpg
74,006006.jpg
85,007084.jpg
86,001882.jpg
40,003631.jpg
17,002698.jpg
85,007057.jpg
80,006641.jpg
51,004561.jpg
80,006689.jpg
81,006797.jpg
81,006778.jpg
101,002035.jpg
74,005974.jpg
40,000408.jpg
75,006134.jpg
54,004708.jpg
80,006685.jpg
18,002753.jpg
101,002036.jpg
63,005214.jpg
96,007976.jpg
5,002220.jpg
82,006875.jpg
11,002443.jpg
56,001581.jpg
2,000028.jpg
57,004934.jpg
89,007458.jpg
7,002301.jpg
60,000604.jpg
16,002662.jpg
73,000732.jpg
95,007897.jpg
82,006943.jpg
16,002682.jpg
42,003772.jpg
40,000406.jpg
93,007762.jpg
33,000335.jpg
23,002937.jpg
12,002518.jpg
97,000973.jpg
4,000049.jpg
42,001445.jpg
60,000606.jpg
80,006603.jpg
54,004742.jpg
50,004304.jpg
50,004433.jpg
48,004201.jpg
74,005990.jpg
23,001254.jpg
73,001753.jpg
94,007817.jpg
49,004211.jpg
3,002133.jpg
11,002454.jpg
77,006485.jpg
83,007007.jpg
39,003505.jpg
75,006110.jpg
65,001670.jpg
79,006576.jpg
73,005871.jpg
29,003155.jpg
97,008045.jpg
18,002763.jpg
72,005745.jpg
27,003011.jpg
100,001003.jpg
70,005552.jpg
90,007532.jpg
79,006511.jpg
64,005302.jpg
75,006106.jpg
83,001856.jpg
74,005969.jpg
37,000375.jpg
87,007205.jpg
75,006060.jpg
93,007648.jpg
54,004709.jpg
51,004554.jpg
43,003826.jpg
13,000137.jpg
10,002416.jpg
71,005599.jpg
28,003080.jpg
77,001790.jpg
45,003985.jpg
70,001722.jpg
90,007534.jpg
100,008130.jpg
5,001071.jpg
71,005589.jpg
6,000065.jpg
57,004931.jpg
55,004761.jpg
36,003370.jpg
72,005700.jpg
89,007437.jpg
48,004184.jpg
65,001676.jpg
46,001484.jpg
73,005843.jpg
8,002315.jpg
68,005436.jpg
45,004000.jpg
45,004010.jpg
74,006026.jpg
32,003246.jpg
53,001557.jpg
55,004749.jpg
94,007778.jpg
4,001067.jpg
18,001212.jpg
66,005363.jpg
20,001189.jpg
70,005542.jpg
47,004124.jpg
59,005054.jpg
51,004532.jpg
72,005731.jpg
11,002494.jpg
97,000972.jpg
93,007736.jpg
36,003423.jpg
93,007743.jpg
62,005184.jpg
79,006559.jpg
98,000981.jpg
36,003377.jpg
50,000501.jpg
28,000289.jpg
85,001874.jpg
94,007790.jpg
22,002859.jpg
81,006775.jpg
55,004816.jpg
94,007767.jpg
96,007970.jpg
3,000037.jpg
20,002613.jpg
48,001507.jpg
5,002210.jpg
70,005535.jpg
19,002802.jpg
17,002742.jpg
11,002474.jpg
41,000412.jpg
77,006469.jpg
57,004921.jpg
99,008096.jpg
52,004612.jpg
52,004639.jpg
70,005506.jpg
31,001336.jpg
101,008163.jpg
83,001858.jpg
83,006995.jpg
33,001353.jpg
50,004438.jpg
44,000446.jpg
87,000870.jpg
50,004458.jpg
82,006872.jpg
10,002412.jpg
63,000634.jpg
91,001937.jpg
55,004757.jpg
70,005515.jpg
38,003491.jpg
31,000315.jpg
42,003719.jpg
58,004983.jpg
82,006858.jpg
35,000354.jpg
62,005189.jpg
98,002003.jpg
0,001020.jpg
17,002740.jpg
70,005513.jpg
52,004580.jpg
94,007791.jpg
86,001884.jpg
54,004732.jpg
4,002183.jpg
0,001029.jpg
57,004924.jpg
59,005076.jpg
50,004436.jpg
100,008137.jpg
47,004153.jpg
77,006420.jpg
45,001474.jpg
68,005425.jpg
94,007774.jpg
80,006637.jpg
71,005558.jpg
81,006806.jpg
82,006901.jpg
62,005200.jpg
76,006262.jpg
28,003055.jpg
31,003220.jpg
93,007709.jpg
96,000962.jpg
80,006721.jpg
59,005088.jpg
100,008131.jpg
93,007651.jpg
6,001089.jpg
93,007649.jpg
80,006665.jpg
66,001681.jpg
73,005874.jpg
21,000219.jpg
4,002178.jpg
1,000012.jpg
0,001027.jpg
76,006265.jpg
34,003288.jpg
43,003841.jpg
65,005341.jpg
43,003875.jpg
65,005355.jpg
29,003165.jpg
46,004089.jpg
29,003147.jpg
58,005001.jpg
69,005462.jpg
36,003393.jpg
96,007944.jpg
72,005685.jpg
33,000332.jpg
96,001981.jpg
7,002297.jpg
11,002450.jpg
35,003304.jpg
93,007739.jpg
59,005073.jpg
13,002537.jpg
35,001371.jpg
85,007075.jpg
97,001997.jpg
30,003191.jpg
40,003640.jpg
41,000418.jpg
27,003016.jpg
11,000116.jpg
94,007826.jpg
77,006383.jpg
50,004370.jpg
82,006849.jpg
73,001757.jpg
14,002554.jpg
4,002193.jpg
89,007493.jpg
17,002746.jpg
87,007233.jpg
80,006704.jpg
67,005402.jpg
40,003575.jpg
18,000190.jpg
72,005721.jpg
19,001228.jpg
61,005171.jpg
58,004976.jpg
64,005283.jpg
11,002459.jpg
2,000023.jpg
8,000085.jpg
42,003706.jpg
52,001543.jpg
45,003902.jpg
72,005678.jpg
71,000716.jpg
13,002530.jpg
56,001583.jpg
88,007271.jpg
5,000054.jpg
96,001982.jpg
70,005526.jpg
32,000329.jpg
86,001888.jpg
13,002540.jpg
15,001175.jpg
93,007667.jpg
68,005432.jpg
97,007994.jpg
26,002999.jpg
79,006520.jpg
60,005118.jpg
52,004634.jpg
49,004250.jpg
33,000331.jpg
49,004208.jpg
100,002028.jpg
88,007400.jpg
31,003228.jpg
68,005422.jpg
55,004815.jpg
71,005603.jpg
23,002945.jpg
75,000750.jpg
39,001411.jpg
77,006471.jpg
88,007353.jpg
22,001245.jpg
98,000988.jpg
36,003416.jpg
45,003946.jpg
76,006256.jpg
4,002164.jpg
96,007971.jpg
24,000248.jpg
81,006753.jpg
74,006023.jpg
58,000582.jpg
81,000813.jpg
66,005382.jpg
76,006244.jpg
82,006885.jpg
51,004566.jpg
91,007591.jpg
99,008095.jpg
95,007873.jpg
58,005003.jpg
50,004349.jpg
75,006099.jpg
29,001317.jpg
79,006574.jpg
43,003876.jpg
19,000201.jpg
29,003125.jpg
47,001498.jpg
74,006028.jpg
76,006357.jpg
77,006436.jpg
54,000544.jpg
56,004850.jpg
97,008037.jpg
88,007370.jpg
53,000533.jpg
51,004575.jpg
67,000673.jpg
26,000264.jpg
76,006208.jpg
77,006475.jpg
28,003058.jpg
33,003279.jpg
87,007246.jpg
45,004063.jpg
27,003043.jpg
26,003008.jpg
49,004256.jpg
43,001455.jpg
16,002671.jpg
87,007236.jpg
33,003275.jpg
12,001143.jpg
72,005673.jpg
65,001677.jpg
75,006140.jpg
77,006418.jpg
68,001700.jpg
36,003403.jpg
22,002875.jpg
73,005952.jpg
87,007266.jpg
61,000619.jpg
74,005994.jpg
47,004144.jpg
19,000202.jpg
73,005846.jpg
52,004586.jpg
12,002503.jpg
93,007642.jpg
27,000277.jpg
47,004154.jpg
82,006877.jpg
98,002000.jpg
87,007235.jpg
76,006229.jpg
16,001195.jpg
72,005697.jpg
45,003911.jpg
4,002158.jpg
99,000995.jpg
7,002302.jpg
29,003164.jpg
91,007576.jpg
78,006508.jpg
90,001924.jpg
36,003363.jpg
87,007252.jpg
11,002455.jpg
58,004994.jpg
94,007771.jpg
81,006774.jpg
21,001236.jpg
73,005896.jpg
59,005092.jpg
69,000699.jpg
75,006109.jpg
49,000496.jpg
63,005227.jpg
14,000149.jpg
37,003459.jpg
24,002953.jpg
18,000193.jpg
73,005882.jpg
72,005671.jpg
10,002362.jpg
4,002184.jpg
36,003425.jpg
22,002861.jpg
85,000851.jpg
10,002369.jpg
16,002687.jpg
46,000466.jpg
87,007255.jpg
50,004278.jpg
87,007159.jpg
50,004383.jpg
7,002256.jpg
58,004979.jpg
75,006122.jpg
45,001477.jpg
88,007319.jpg
96,001985.jpg
72,005635.jpg
93,007735.jpg
94,007816.jpg
86,007094.jpg
44,003895.jpg
46,004100.jpg
28,000285.jpg
47,004147.jpg
83,006948.jpg
50,004504.jpg
85,000857.jpg
27,003042.jpg
40,003576.jpg
59,005081.jpg
62,005185.jpg
69,005456.jpg
80,006638.jpg
74,006027.jpg
50,004498.jpg
45,000450.jpg
53,001559.jpg
72,005632.jpg
77,006403.jpg
54,004739.jpg
74,006009.jpg
17,002720.jpg
96,001987.jpg
13,002543.jpg
43,000438.jpg
63,001659.jpg
80,006595.jpg
39,003543.jpg
59,000597.jpg
80,006653.jpg
50,004454.jpg
98,008079.jpg
90,007512.jpg
58,004985.jpg
40,003584.jpg
89,000899.jpg
93,001955.jpg
94,001963.jpg
40,003652.jpg
46,004084.jpg
94,007783.jpg
17,000180.jpg
12,001144.jpg
74,005996.jpg
36,003388.jpg
76,006281.jpg
10,000103.jpg
46,004101.jpg
42,001447.jpg
49,000495.jpg
76,006320.jpg
42,003784.jpg
56,004832.jpg
60,000600.jpg
43,000434.jpg
76,006206.jpg
54,004728.jpg
76,006171.jpg
100,001009.jpg
70,001727.jpg
73,005921.jpg
50,004319.jpg
75,001771.jpg
51,004524.jpg
18,002761.jpg
12,000121.jpg
43,003858.jpg
45,003965.jpg
87,007247.jpg
31,000313.jpg
23,002934.jpg
64,005246.jpg
29,003116.jpg
77,000774.jpg
87,001890.jpg
59,005043.jpg
17,002699.jpg
17,002706.jpg
41,003680.jpg
34,003281.jpg
93,000933.jpg
45,003993.jpg
63,001652.jpg
86,007098.jpg
36,003376.jpg
88,007403.jpg
81,001834.jpg
89,007461.jpg
76,006370.jpg
82,006845.jpg
52,004582.jpg
72,000724.jpg
52,004593.jpg
75,006058.jpg
37,003472.jpg
27,001298.jpg
28,001308.jpg
73,005822.jpg
45,001470.jpg
5,002225.jpg
26,001288.jpg
75,001770.jpg
7,002281.jpg
88,000888.jpg
87,000875.jpg
76,006290.jpg
88,007349.jpg
55,001579.jpg
52,004648.jpg
2,002112.jpg
51,004517.jpg
55,004820.jpg
52,004649.jpg
75,006069.jpg
80,006732.jpg
49,004274.jpg
79,006557.jpg
29,003124.jpg
61,005163.jpg
83,006958.jpg
26,002994.jpg
50,004333.jpg
87,007137.jpg
4,000040.jpg
39,000399.jpg
50,004309.jpg
32,003249.jpg
80,006731.jpg
75,006075.jpg
54,001565.jpg
27,003040.jpg
86,007109.jpg
73,000735.jpg
77,006426.jpg
40,001422.jpg
58,004990.jpg
0,002043.jpg
4,002176.jpg
82,001848.jpg
63,005236.jpg
16,002678.jpg
64,005279.jpg
51,001533.jpg
82,001843.jpg
71,005608.jpg
92,007599.jpg
57,004915.jpg
11,002451.jpg
29,001315.jpg
69,005488.jpg
50,004302.jpg
88,007339.jpg
93,007666.jpg
50,004348.jpg
87,007242.jpg
52,004589.jpg
2,002108.jpg
22,000227.jpg
53,004672.jpg
50,004290.jpg
42,000425.jpg
52,004644.jpg
79,006560.jpg
80,006712.jpg
7,002263.jpg
31,001332.jpg
88,007302.jpg
52,004638.jpg
76,006258.jpg
94,007847.jpg
61,005150.jpg
86,000869.jpg
95,007918.jpg
93,007719.jpg
75,006061.jpg
4,002180.jpg
2,002109.jpg
83,006967.jpg
36,001381.jpg
10,002366.jpg
71,005621.jpg
49,004230.jpg
22,002858.jpg
93,007740.jpg
71,005626.jpg
62,000628.jpg
83,006980.jpg
17,002721.jpg
94,007842.jpg
40,003650.jpg
10,002401.jpg
74,006002.jpg
52,001545.jpg
30,003207.jpg
82,006914.jpg
77,006406.jpg
58,005013.jpg
36,003434.jpg
64,000640.jpg
17,002726.jpg
95,007895.jpg
75,006115.jpg
95,007872.jpg
85,007089.jpg
58,000587.jpg
80,006681.jpg
0,000009.jpg
63,005210.jpg
37,001397.jpg
82,006926.jpg
80,006698.jpg
82,006893.jpg
28,003081.jpg
30,003209.jpg
35,000357.jpg
41,003693.jpg
79,006591.jpg
93,007731.jpg
42,003757.jpg
49,004217.jpg
89,007475.jpg
29,003133.jpg
52,001542.jpg
69,005483.jpg
27,000270.jpg
57,004938.jpg
59,005108.jpg
16,002652.jpg
73,005936.jpg
97,008033.jpg
48,000486.jpg
92,000928.jpg
64,000641.jpg
22,001246.jpg
3,002150.jpg
36,000369.jpg
78,006491.jpg
93,007664.jpg
28,003098.jpg
95,007882.jpg
64,005291.jpg
19,002799.jpg
50,004398.jpg
50,004461.jpg
40,001426.jpg
50,004365.jpg
77,006442.jpg
88,007313.jpg
52,004606.jpg
11,002439.jpg
56,004845.jpg
69,005494.jpg
1,001034.jpg
64,005298.jpg
39,003513.jpg
50,004324.jpg
61,005154.jpg
75,006078.jpg
45,003962.jpg
24,002947.jpg
40,003578.jpg
15,000158.jpg
11,002465.jpg
14,000146.jpg
44,001464.jpg
35,003306.jpg
82,006838.jpg
36,001384.jpg
39,001418.jpg
71,005590.jpg
11,001133.jpg
76,006275.jpg
56,004870.jpg
81,006750.jpg
92,000923.jpg
78,001807.jpg
76,006179.jpg
77,006443.jpg
2,002100.jpg
40,003623.jpg
73,005819.jpg
50,004489.jpg
57,004890.jpg
75,006107.jpg
82,006935.jpg
81,006803.jpg
77,000776.jpg
1,001032.jpg
83,006956.jpg
95,007905.jpg
94,007788.jpg
4,002166.jpg
46,001482.jpg
65,005335.jpg
59,000595.jpg
44,000448.jpg
50,004277.jpg
57,004972.jpg
65,005349.jpg
63,005219.jpg
96,000966.jpg
51,004550.jpg
43,001450.jpg
95,007938.jpg
45,003952.jpg
53,004664.jpg
87,007229.jpg
87,007234.jpg
50,004480.jpg
28,001305.jpg
98,002002.jpg
90,007500.jpg
73,005929.jpg
89,007487.jpg
50,004377.jpg
11,000113.jpg
55,004782.jpg
21,001234.jpg
36,003387.jpg
80,000808.jpg
49,004238.jpg
51,004522.jpg
77,006397.jpg
93,007623.jpg
42,003782.jpg
50,004328.jpg
10,002374.jpg
43,003848.jpg
59,005062.jpg
24,002952.jpg
5,001076.jpg
28,001301.jpg
69,005476.jpg
71,005612.jpg
50,004486.jpg
81,006741.jpg
68,005450.jpg
12,002505.jpg
52,004642.jpg
39,003520.jpg
11,002444.jpg
93,000935.jpg
12,002510.jpg
74,006045.jpg
77,006456.jpg
48,004179.jpg
82,006861.jpg
49,004214.jpg
25,001278.jpg
54,004713.jpg
45,003990.jpg
55,004773.jpg
57,004929.jpg
15,002599.jpg
89,007492.jpg
41,003687.jpg
73,005848.jpg
84,007036.jpg
46,004105.jpg
80,006725.jpg
79,006555.jpg
43,003810.jpg
95,007887.jpg
87,001891.jpg
20,002606.jpg
19,002808.jpg
75,006091.jpg
50,004483.jpg
70,005527.jpg
74,005992.jpg
29,003176.jpg
34,001364.jpg
1,002066.jpg
38,003495.jpg
72,005762.jpg
50,004296.jpg
60,001626.jpg
80,001820.jpg
81,006751.jpg
45,003901.jpg
28,003056.jpg
59,005029.jpg
16,000171.jpg
66,001689.jpg
6,001087.jpg
20,002611.jpg
81,006781.jpg
29,003170.jpg
63,000635.jpg
24,001265.jpg
50,004373.jpg
94,007772.jpg
57,004942.jpg
84,007015.jpg
14,001166.jpg
81,006766.jpg
42,003730.jpg
54,004696.jpg
72,005674.jpg
81,006799.jpg
21,000218.jpg
40,003593.jpg
48,004187.jpg
98,008082.jpg
89,007491.jpg
70,005505.jpg
55,004744.jpg
45,004012.jpg
1,001031.jpg
28,003067.jpg
17,001205.jpg
59,000591.jpg
50,004492.jpg
10,002398.jpg
18,000199.jpg
72,005738.jpg
71,005618.jpg
88,007406.jpg
38,000381.jpg
66,005384.jpg
84,001863.jpg
71,005607.jpg
89,007471.jpg
54,004695.jpg
54,004734.jpg
43,000439.jpg
96,000968.jpg
54,004693.jpg
45,003935.jpg
61,005139.jpg
74,001763.jpg
0,001026.jpg
96,007985.jpg
77,006434.jpg
25,002972.jpg
87,007241.jpg
45,004039.jpg
99,002016.jpg
43,000435.jpg
66,000660.jpg
71,005561.jpg
55,004763.jpg
36,003360.jpg
76,001784.jpg
76,006356.jpg
71,005609.jpg
88,007297.jpg
22,002911.jpg
76,006253.jpg
73,005858.jpg
11,002473.jpg
52,004602.jpg
91,007583.jpg
45,003922.jpg
99,008119.jpg
29,000291.jpg
55,001573.jpg
34,000346.jpg
36,003385.jpg
59,005077.jpg
101,001012.jpg
78,001808.jpg
12,001149.jpg
77,006388.jpg
50,004410.jpg
95,007932.jpg
55,004768.jpg
2,001047.jpg
3,002130.jpg
76,006286.jpg
76,006287.jpg
9,002342.jpg
88,007385.jpg
16,002640.jpg
76,006175.jpg
101,001010.jpg
39,000398.jpg
42,003778.jpg
47,004128.jpg
22,002897.jpg
71,005620.jpg
3,002145.jpg
37,001391.jpg
43,003860.jpg
88,007423.jpg
70,005517.jpg
12,000126.jpg
0,000003.jpg
90,007528.jpg
40,003618.jpg
43,003844.jpg
81,006764.jpg
3,002147.jpg
11,002449.jpg
58,004977.jpg
80,001829.jpg
16,002634.jpg
83,007004.jpg
36,003410.jpg
90,000900.jpg
82,000823.jpg
29,003118.jpg
91,000914.jpg
25,002983.jpg
29,003119.jpg
98,008056.jpg
57,001597.jpg
82,006839.jpg
87,007173.jpg
74,005999.jpg
46,004120.jpg
97,008003.jpg
90,001927.jpg
73,005899.jpg
36,003414.jpg
94,007781.jpg
77,006415.jpg
79,006538.jpg
30,003188.jpg
73,005855.jpg
81,001833.jpg
64,005300.jpg
2,001046.jpg
82,001849.jpg
88,007301.jpg
64,005309.jpg
50,004450.jpg
16,000174.jpg
19,002814.jpg
6,001082.jpg
65,001678.jpg
7,002287.jpg
48,004194.jpg
21,001231.jpg
76,006151.jpg
68,005439.jpg
29,003136.jpg
1,002077.jpg
79,006590.jpg
65,005351.jpg
24,001262.jpg
23,001258.jpg
76,006305.jpg
39,003511.jpg
55,004745.jpg
71,005600.jpg
59,005030.jpg
36,003429.jpg
85,007058.jpg
39,003528.jpg
75,006100.jpg
10,002394.jpg
35,001378.jpg
87,007210.jpg
65,000650.jpg
45,004031.jpg
72,005779.jpg
101,008182.jpg
95,007890.jpg
8,001108.jpg
40,000409.jpg
100,001006.jpg
57,004950.jpg
12,001141.jpg
16,000173.jpg
86,007112.jpg
57,000570.jpg
72,005723.jpg
40,003569.jpg
22,002876.jpg
80,006655.jpg
42,003766.jpg
99,008118.jpg
50,004320.jpg
75,006071.jpg
80,000801.jpg
75,006133.jpg
93,001958.jpg
98,008052.jpg
27,001293.jpg
71,005613.jpg
74,006050.jpg
76,001782.jpg
42,003708.jpg
10,002407.jpg
50,004282.jpg
36,003445.jpg
61,005159.jpg
97,008008.jpg
10,002383.jpg
91,007580.jpg
1,000014.jpg
50,004411.jpg
14,002562.jpg
73,000733.jpg
71,005614.jpg
72,000721.jpg
59,005038.jpg
89,007444.jpg
12,002512.jpg
17,002724.jpg
14,002556.jpg
59,001612.jpg
80,000806.jpg
27,003028.jpg
85,007081.jpg
50,004405.jpg
93,007718.jpg
87,001895.jpg
76,006294.jpg
36,003443.jpg
16,002629.jpg
75,006116.jpg
45,003974.jpg
22,001244.jpg
58,004987.jpg
41,003681.jpg
81,006744.jpg
77,001792.jpg
73,005804.jpg
42,003702.jpg
5,000050.jpg
49,004239.jpg
76,006299.jpg
10,002381.jpg
1,002095.jpg
52,004608.jpg
4,001063.jpg
68,005431.jpg
4,002170.jpg
53,004673.jpg
6,001086.jpg
17,002748.jpg
76,006216.jpg
39,003507.jpg
98,008059.jpg
39,003541.jpg
5,000059.jpg
27,000279.jpg
10,002414.jpg
45,003916.jpg
43,003842.jpg
76,006218.jpg
88,001908.jpg
42,003732.jpg
29,003154.jpg
12,001146.jpg
44,003897.jpg
81,006791.jpg
68,001703.jpg
5,000058.jpg
60,001621.jpg
49,004263.jpg
2,001042.jpg
56,000566.jpg
24,001264.jpg
65,005352.jpg
40,003644.jpg
87,007198.jpg
70,001726.jpg
88,007384.jpg
61,005169.jpg
58,004996.jpg
77,006451.jpg
101,008172.jpg
25,002974.jpg
22,002894.jpg
30,003178.jpg
74,006033.jpg
57,000578.jpg
59,005047.jpg
82,006836.jpg
80,006647.jpg
40,003630.jpg
53,000531.jpg
81,006759.jpg
96,000960.jpg
62,005197.jpg
3,001056.jpg
43,000430.jpg
45,003984.jpg
49,004204.jpg
72,000729.jpg
7,002288.jpg
86,000866.jpg
82,006907.jpg
76,006190.jpg
47,001493.jpg
76,006230.jpg
70,005498.jpg
74,006029.jpg
75,006076.jpg
22,000225.jpg
26,001280.jpg
18,002764.jpg
63,005231.jpg
24,002964.jpg
8,002317.jpg
90,001926.jpg
58,005002.jpg
8,000086.jpg
5,002207.jpg
76,006282.jpg
43,003811.jpg
94,007829.jpg
53,004657.jpg
45,003915.jpg
7,002307.jpg
91,007556.jpg
72,005704.jpg
26,002997.jpg
75,006056.jpg
100,008129.jpg
93,007749.jpg
81,006752.jpg
42,003712.jpg
41,003668.jpg
7,002305.jpg
96,007968.jpg
88,007425.jpg
42,003776.jpg
97,001995.jpg
32,003253.jpg
87,007179.jpg
34,001362.jpg
65,000652.jpg
41,003662.jpg
85,000853.jpg
40,003638.jpg
40,003634.jpg
82,006910.jpg
61,005143.jpg
14,002566.jpg
70,005497.jpg
28,000286.jpg
13,002539.jpg
76,006163.jpg
76,006220.jpg
90,007505.jpg
97,001994.jpg
41,000419.jpg
72,005741.jpg
59,005090.jpg
93,000930.jpg
67,005404.jpg
29,001310.jpg
76,006185.jpg
41,001430.jpg
82,001842.jpg
54,004721.jpg
53,000538.jpg
94,007861.jpg
88,007392.jpg
19,002788.jpg
17,001208.jpg
51,004525.jpg
64,005249.jpg
100,008136.jpg
57,004916.jpg
64,005312.jpg
94,000944.jpg
24,002955.jpg
71,000712.jpg
50,004453.jpg
17,002727.jpg
80,006672.jpg
90,007508.jpg
97,008005.jpg
61,005161.jpg
63,001650.jpg
101,008162.jpg
32,000324.jpg
22,002865.jpg
45,004006.jpg
50,000502.jpg
12,002519.jpg
2,001040.jpg
86,007111.jpg
86,007122.jpg
29,003113.jpg
53,004680.jpg
32,000327.jpg
67,000679.jpg
76,006366.jpg
42,003743.jpg
82,006844.jpg
19,002795.jpg
27,003054.jpg
27,001299.jpg
50,004404.jpg
84,007045.jpg
31,003230.jpg
43,000433.jpg
95,007929.jpg
21,002819.jpg
39,003545.jpg
41,001434.jpg
69,001718.jpg
90,007496.jpg
45,004047.jpg
92,000927.jpg
94,007780.jpg
87,007199.jpg
81,006754.jpg
77,006407.jpg
95,007934.jpg
59,005095.jpg
21,002825.jpg
11,002484.jpg
76,006260.jpg
54,004731.jpg
7,002289.jpg
85,007055.jpg
79,006584.jpg
10,000102.jpg
3,002148.jpg
55,004831.jpg
54,004726.jpg
54,001569.jpg
87,007202.jpg
11,002472.jpg
3,002139.jpg
88,007358.jpg
17,002697.jpg
10,002418.jpg
30,003197.jpg
28,001304.jpg
71,005592.jpg
80,006684.jpg
9,000098.jpg
61,005144.jpg
74,005966.jpg
88,007375.jpg
19,002811.jpg
78,006498.jpg
82,006913.jpg
80,006648.jpg
37,003453.jpg
4,002182.jpg
9,000093.jpg
43,003817.jpg
83,000835.jpg
87,000879.jpg
94,007851.jpg
17,002709.jpg
68,005444.jpg
90,007548.jpg
43,003854.jpg
81,001830.jpg
42,003792.jpg
9,002347.jpg
50,004298.jpg
57,004910.jpg
31,003216.jpg
47,001494.jpg
69,005464.jpg
45,003906.jpg
50,004375.jpg
1,002082.jpg
94,001969.jpg
39,003518.jpg
73,005920.jpg
57,004911.jpg
21,002853.jpg
82,006881.jpg
59,005025.jpg
93,007630.jpg
72,000723.jpg
14,000141.jpg
61,005157.jpg
7,002310.jpg
38,000383.jpg
95,007923.jpg
30,000305.jpg
101,008186.jpg
11,002457.jpg
36,003396.jpg
45,001472.jpg
42,003721.jpg
65,005331.jpg
8,001106.jpg
3,002122.jpg
11,002477.jpg
82,006940.jpg
96,007947.jpg
81,006772.jpg
74,001766.jpg
80,006700.jpg
42,003698.jpg
58,004989.jpg
50,004292.jpg
63,001656.jpg
99,008113.jpg
43,003874.jpg
42,003754.jpg
72,005713.jpg
79,006585.jpg
79,006524.jpg
64,005245.jpg
55,004764.jpg
13,001159.jpg
89,000890.jpg
55,004751.jpg
89,001918.jpg
77,006473.jpg
90,007503.jpg
76,006235.jpg
68,000687.jpg
80,006642.jpg
63,001655.jpg
29,003132.jpg
87,007174.jpg
70,005541.jpg
77,006419.jpg
84,007033.jpg
94,000941.jpg
35,001374.jpg
77,006487.jpg
24,001267.jpg
90,007510.jpg
5,002203.jpg
98,008070.jpg
72,005636.jpg
42,003765.jpg
80,000802.jpg
69,005466.jpg
71,005554.jpg
94,007813.jpg
61,005166.jpg
42,003793.jpg
90,007497.jpg
43,003831.jpg
73,005887.jpg
36,003421.jpg
35,003341.jpg
62,001648.jpg
54,004701.jpg
62,005191.jpg
76,006200.jpg
82,006841.jpg
14,002558.jpg
81,006805.jpg
51,000518.jpg
82,006840.jpg
88,007410.jpg
89,007438.jpg
93,007677.jpg
49,004233.jpg
0,002050.jpg
54,004716.jpg
83,006968.jpg
76,006367.jpg
35,003350.jpg
35,003352.jpg
66,005375.jpg
25,001271.jpg
19,002790.jpg
17,002696.jpg
44,003888.jpg
40,003609.jpg
29,003159.jpg
80,006608.jpg
85,001877.jpg
50,004467.jpg
93,007656.jpg
18,002778.jpg
14,000140.jpg
99,000994.jpg
8,000083.jpg
93,007733.jpg
47,004170.jpg
98,008088.jpg
10,002409.jpg
71,001737.jpg
22,002882.jpg
54,000542.jpg
72,001747.jpg
24,000245.jpg
70,005525.jpg
12,002524.jpg
42,003715.jpg
50,004449.jpg
47,004145.jpg
32,003250.jpg
71,005602.jpg
2,002115.jpg
75,001775.jpg
71,005578.jpg
29,003148.jpg
89,007440.jpg
65,000651.jpg
30,001325.jpg
98,008071.jpg
11,001131.jpg
29,003131.jpg
91,001938.jpg
21,000216.jpg
30,003200.jpg
35,003316.jpg
78,001802.jpg
82,006904.jpg
70,005528.jpg
7,002280.jpg
0,001023.jpg
35,003328.jpg
7,002259.jpg
78,000783.jpg
51,004544.jpg
93,007635.jpg
16,000170.jpg
89,007469.jpg
68,005429.jpg
4,002187.jpg
90,007513.jpg
93,007708.jpg
10,002373.jpg
21,002841.jpg
43,003827.jpg
11,002430.jpg
7,000075.jpg
76,006202.jpg
31,003225.jpg
62,001644.jpg
87,007225.jpg
35,003353.jpg
76,000767.jpg
70,005533.jpg
28,003102.jpg
88,007320.jpg
76,006249.jpg
50,004499.jpg
3,002134.jpg
74,005965.jpg
33,003276.jpg
26,003001.jpg
42,003707.jpg
94,007865.jpg
7,002255.jpg
53,004689.jpg
75,006132.jpg
39,003538.jpg
89,007450.jpg
45,003923.jpg
37,003471.jpg
81,001835.jpg
85,007078.jpg
76,006250.jpg
73,005918.jpg
50,004329.jpg
35,003351.jpg
61,000613.jpg
92,007596.jpg
4,001062.jpg
35,001372.jpg
87,007213.jpg
80,006663.jpg
73,005906.jpg
42,001441.jpg
91,007557.jpg
16,002651.jpg
10,002427.jpg
86,007102.jpg
97,008032.jpg
69,000690.jpg
45,004075.jpg
74,005957.jpg
16,002631.jpg
75,006137.jpg
40,001421.jpg
16,002667.jpg
80,006612.jpg
63,000632.jpg
88,000886.jpg
71,005571.jpg
74,000746.jpg
73,005808.jpg
77,006481.jpg
30,003193.jpg
95,007885.jpg
75,006087.jpg
43,001454.jpg
59,005021.jpg
22,002910.jpg
93,007661.jpg
45,003963.jpg
71,005596.jpg
52,004603.jpg
57,004966.jpg
50,000504.jpg
62,005207.jpg
55,004772.jpg
59,005020.jpg
29,003143.jpg
1,002084.jpg
48,001505.jpg
94,001967.jpg
84,001865.jpg
45,003931.jpg
72,005751.jpg
93,007728.jpg
93,007756.jpg
81,006788.jpg
82,001845.jpg
47,004131.jpg
37,003467.jpg
81,006815.jpg
50,004294.jpg
10,002382.jpg
93,007716.jpg
47,000476.jpg
72,005647.jpg
86,007128.jpg
40,003586.jpg
60,000607.jpg
19,002792.jpg
72,005793.jpg
17,002739.jpg
34,003299.jpg
55,004788.jpg
37,003449.jpg
1,002087.jpg
0,002048.jpg
54,004702.jpg
91,000912.jpg
70,005516.jpg
99,002015.jpg
41,003665.jpg
32,003237.jpg
74,005989.jpg
8,001107.jpg
28,001303.jpg
28,003068.jpg
55,000550.jpg
101,008165.jpg
80,006694.jpg
69,005475.jpg
55,004818.jpg
76,006157.jpg
29,000293.jpg
50,004460.jpg
7,002262.jpg
80,006666.jpg
85,007065.jpg
1,002099.jpg
63,005222.jpg
28,000282.jpg
70,005504.jpg
1,002093.jpg
16,002664.jpg
64,005274.jpg
33,003263.jpg
76,006278.jpg
93,000939.jpg
24,000241.jpg
41,001437.jpg
39,003525.jpg
22,002863.jpg
81,000817.jpg
76,006188.jpg
93,007697.jpg
81,006818.jpg
14,002571.jpg
18,001210.jpg
76,006297.jpg
66,005383.jpg
58,004982.jpg
77,006430.jpg
41,003682.jpg
42,003800.jpg
54,004692.jpg
86,000862.jpg
60,000608.jpg
42,003768.jpg
32,003239.jpg
33,001355.jpg
14,002567.jpg
23,002942.jpg
46,004121.jpg
82,001840.jpg
40,003601.jpg
50,004358.jpg
99,008107.jpg
56,004862.jpg
16,001199.jpg
69,005486.jpg
60,005110.jpg
83,006972.jpg
98,002006.jpg
48,001506.jpg
59,005031.jpg
97,008016.jpg
22,002864.jpg
4,002200.jpg
82,000820.jpg
79,006556.jpg
35,001377.jpg
81,000810.jpg
54,000541.jpg
7,002304.jpg
96,007948.jpg
87,007145.jpg
77,006433.jpg
64,001661.jpg
68,005433.jpg
58,005000.jpg
75,006095.jpg
100,008145.jpg
82,001846.jpg
97,001998.jpg
20,002616.jpg
2,001041.jpg
72,005729.jpg
64,005321.jpg
11,002468.jpg
49,004270.jpg
42,003806.jpg
82,006932.jpg
2,001044.jpg
21,002850.jpg
76,006186.jpg
55,004802.jpg
88,007426.jpg
96,007955.jpg
64,005241.jpg
87,007238.jpg
27,003026.jpg
50,004301.jpg
87,007193.jpg
43,003857.jpg
88,007280.jpg
89,001910.jpg
0,000000.jpg
87,007254.jpg
56,004871.jpg
0,002058.jpg
81,000811.jpg
76,000764.jpg
68,000683.jpg
36,003362.jpg
30,003183.jpg
64,005256.jpg
82,006846.jpg
100,008144.jpg
63,001653.jpg
51,004530.jpg
98,000987.jpg
101,008185.jpg
11,002456.jpg
80,006629.jpg
72,005748.jpg
50,004285.jpg
48,004175.jpg
43,003852.jpg
28,003101.jpg
95,007909.jpg
8,002332.jpg
94,007841.jpg
41,003671.jpg
79,006575.jpg
65,005345.jpg
60,000601.jpg
64,005320.jpg
76,000763.jpg
88,007294.jpg
51,004567.jpg
52,000525.jpg
51,000513.jpg
87,007251.jpg
57,004923.jpg
24,000243.jpg
78,006494.jpg
39,003539.jpg
96,007962.jpg
48,004199.jpg
41,003683.jpg
46,004082.jpg
17,002695.jpg
70,005536.jpg
41,000415.jpg
100,008158.jpg
94,007863.jpg
76,006172.jpg
83,006976.jpg
43,003849.jpg
52,000524.jpg
82,006892.jpg
83,006955.jpg
43,003847.jpg
56,004838.jpg
51,004558.jpg
64,005318.jpg
39,003550.jpg
83,006961.jpg
83,006977.jpg
66,000669.jpg
45,003977.jpg
88,007276.jpg
58,001602.jpg
19,002793.jpg
85,007083.jpg
87,007186.jpg
80,006729.jpg
91,007574.jpg
48,004192.jpg
86,007132.jpg
93,007738.jpg
69,005487.jpg
14,001168.jpg
42,003747.jpg
100,008141.jpg
59,005104.jpg
80,006692.jpg
38,003489.jpg
9,002338.jpg
80,006628.jpg
88,007286.jpg
68,005430.jpg
1,001039.jpg
19,002786.jpg
72,005764.jpg
89,007481.jpg
24,001260.jpg
71,005577.jpg
88,007347.jpg
83,001854.jpg
64,005258.jpg
69,000693.jpg
87,007157.jpg
62,005190.jpg
76,006223.jpg
45,003981.jpg
56,004878.jpg
22,002872.jpg
39,003537.jpg
96,007949.jpg
48,004183.jpg
47,001491.jpg
42,003745.jpg
97,008018.jpg
88,007413.jpg
83,007006.jpg
76,006176.jpg
87,007138.jpg
56,004876.jpg
13,000133.jpg
19,000206.jpg
82,006851.jpg
73,005933.jpg
32,003259.jpg
50,004286.jpg
50,004371.jpg
13,002535.jpg
77,006385.jpg
47,000471.jpg
83,006993.jpg
59,000590.jpg
42,003749.jpg
75,006112.jpg
93,007761.jpg
86,007127.jpg
90,007545.jpg
91,007567.jpg
101,001011.jpg
61,005141.jpg
72,005715.jpg
67,005397.jpg
39,001410.jpg
40,003619.jpg
85,007088.jpg
57,004937.jpg
49,004236.jpg
76,006252.jpg
36,003433.jpg
70,005546.jpg
63,005226.jpg
93,007692.jpg
93,007689.jpg
80,006679.jpg
43,003845.jpg
46,004091.jpg
66,005367.jpg
29,003162.jpg
76,006225.jpg
81,006802.jpg
61,005142.jpg
88,007340.jpg
80,006658.jpg
67,005394.jpg
50,004284.jpg
59,005102.jpg
37,000377.jpg
11,002487.jpg
40,001427.jpg
50,004501.jpg
20,002604.jpg
62,000624.jpg
53,001550.jpg
30,001321.jpg
36,003405.jpg
53,004667.jpg
65,005342.jpg
57,004959.jpg
35,003343.jpg
45,004041.jpg
73,005869.jpg
55,004770.jpg
77,000770.jpg
100,002029.jpg
90,001925.jpg
49,004264.jpg
52,004627.jpg
99,008114.jpg
28,003060.jpg
6,002230.jpg
72,005644.jpg
10,002424.jpg
23,000231.jpg
87,000871.jpg
49,004267.jpg
79,000793.jpg
34,001360.jpg
64,005275.jpg
45,001475.jpg
11,002479.jpg
10,002415.jpg
19,002810.jpg
52,004601.jpg
88,007331.jpg
16,001198.jpg
65,005326.jpg
94,007840.jpg
94,007806.jpg
81,006811.jpg
4,002156.jpg
45,003999.jpg
88,007386.jpg
14,001162.jpg
79,006523.jpg
44,003886.jpg
72,005654.jpg
3,002120.jpg
71,005562.jpg
47,004134.jpg
8,001104.jpg
83,006957.jpg
18,001213.jpg
16,001190.jpg
90,007527.jpg
95,007901.jpg
68,005419.jpg
1,002064.jpg
70,005501.jpg
89,007446.jpg
57,004900.jpg
75,006104.jpg
66,000666.jpg
29,003150.jpg
10,002384.jpg
82,006898.jpg
99,008097.jpg
45,004037.jpg
94,001964.jpg
42,003759.jpg
29,003175.jpg
23,000236.jpg
72,001743.jpg
92,007598.jpg
86,007117.jpg
87,007158.jpg
95,007928.jpg
89,001916.jpg
8,000087.jpg
60,000609.jpg
0,000002.jpg
74,006015.jpg
72,005651.jpg
69,000696.jpg
83,001855.jpg
21,002844.jpg
32,003252.jpg
40,003629.jpg
64,005261.jpg
71,000711.jpg
19,002785.jpg
77,006410.jpg
48,004181.jpg
67,005405.jpg
95,000951.jpg
52,004585.jpg
80,006680.jpg
27,003032.jpg
54,000549.jpg
58,001605.jpg
27,003033.jpg
93,007715.jpg
15,001177.jpg
73,005915.jpg
35,003345.jpg
97,008039.jpg
81,006794.jpg
39,003512.jpg
85,001871.jpg
58,004984.jpg
84,007040.jpg
69,005472.jpg
94,007850.jpg
87,007216.jpg
88,007295.jpg
7,000072.jpg
67,005388.jpg
50,004345.jpg
74,006010.jpg
76,006141.jpg
48,004186.jpg
17,002712.jpg
79,006530.jpg
80,006650.jpg
71,001734.jpg
65,005325.jpg
42,003752.jpg
39,001419.jpg
98,008058.jpg
61,005156.jpg
65,005353.jpg
76,006347.jpg
96,000963.jpg
45,003976.jpg
7,002282.jpg
66,001682.jpg
97,007989.jpg
7,002284.jpg
59,001618.jpg
46,001489.jpg
87,007217.jpg
73,005913.jpg
73,005833.jpg
11,002442.jpg
50,004470.jpg
80,006687.jpg
3,002141.jpg
19,000203.jpg
88,007409.jpg
50,004471.jpg
94,007837.jpg
49,000499.jpg
0,000004.jpg
59,005028.jpg
89,007436.jpg
80,006620.jpg
50,000509.jpg
97,007998.jpg
79,006526.jpg
73,005824.jpg
79,006542.jpg
43,003820.jpg
1,002085.jpg
70,000703.jpg
84,007051.jpg
57,004887.jpg
93,000936.jpg
59,005098.jpg
45,004009.jpg
92,000929.jpg
40,003574.jpg
70,001721.jpg
69,005478.jpg
35,001375.jpg
81,001838.jpg
14,002561.jpg
48,000481.jpg
95,007937.jpg
76,006263.jpg
66,000662.jpg
95,007927.jpg
28,003064.jpg
50,004306.jpg
72,005737.jpg
12,001145.jpg
42,003726.jpg
82,000821.jpg
34,000343.jpg
27,000271.jpg
4,000041.jpg
6,002229.jpg
27,003019.jpg
100,008132.jpg
16,000178.jpg
76,006148.jpg
17,002719.jpg
26,003004.jpg
40,003625.jpg
74,001760.jpg
76,006328.jpg
43,003821.jpg
12,002513.jpg
37,003461.jpg
88,007315.jpg
59,005026.jpg
15,002588.jpg
91,001936.jpg
19,000208.jpg
88,007371.jpg
86,000867.jpg
81,000816.jpg
59,001611.jpg
11,001130.jpg
94,007810.jpg
2,000029.jpg
53,000535.jpg
91,001932.jpg
55,004755.jpg
5,001074.jpg
74,006014.jpg
100,008124.jpg
40,003632.jpg
39,001414.jpg
79,001814.jpg
75,000759.jpg
73,005942.jpg
34,003282.jpg
87,007223.jpg
50,004512.jpg
74,006036.jpg
9,002339.jpg
73,005845.jpg
8,002311.jpg
76,006363.jpg
15,002591.jpg
76,006304.jpg
14,000148.jpg
76,006177.jpg
56,004835.jpg
72,005667.jpg
94,000942.jpg
73,000739.jpg
72,005760.jpg
59,005097.jpg
73,005872.jpg
36,003365.jpg
92,007604.jpg
25,002982.jpg
17,000183.jpg
94,007868.jpg
43,003862.jpg
49,004268.jpg
96,001989.jpg
87,007206.jpg
69,005484.jpg
53,004681.jpg
35,003349.jpg
59,001610.jpg
73,005803.jpg
75,006131.jpg
36,003431.jpg
35,003325.jpg
28,003069.jpg
92,001949.jpg
97,008044.jpg
50,004502.jpg
38,003492.jpg
94,007786.jpg
51,000515.jpg
67,005385.jpg
42,001448.jpg
72,000720.jpg
82,006880.jpg
1,002096.jpg
70,005508.jpg
75,006108.jpg
84,007010.jpg
84,007032.jpg
50,004440.jpg
50,001527.jpg
54,004723.jpg
88,007307.jpg
88,007399.jpg
13,002528.jpg
80,006636.jpg
83,007002.jpg
40,003558.jpg
7,001091.jpg
57,001599.jpg
73,005902.jpg
77,000778.jpg
64,005273.jpg
58,004980.jpg
22,001242.jpg
65,000653.jpg
42,003709.jpg
50,004330.jpg
37,001394.jpg
33,003274.jpg
55,004759.jpg
93,007647.jpg
80,006723.jpg
50,004392.jpg
77,006425.jpg
69,005470.jpg
49,001512.jpg
54,004714.jpg
80,006607.jpg
42,003777.jpg
95,007915.jpg
92,000924.jpg
88,007293.jpg
74,006042.jpg
9,000097.jpg
69,005492.jpg
17,002735.jpg
82,006837.jpg
21,002833.jpg
7,002277.jpg
45,004035.jpg
89,007464.jpg
49,004251.jpg
50,004354.jpg
75,006124.jpg
82,006906.jpg
64,001662.jpg
46,004114.jpg
94,007844.jpg
89,000897.jpg
20,002612.jpg
74,005986.jpg
79,006510.jpg
89,007462.jpg
78,006493.jpg
27,003036.jpg
36,003394.jpg
62,000627.jpg
40,003571.jpg
56,004854.jpg
64,005296.jpg
72,005677.jpg
61,005165.jpg
22,002913.jpg
23,000233.jpg
50,004340.jpg
45,004033.jpg
63,001657.jpg
88,001905.jpg
90,007495.jpg
28,000283.jpg
44,003892.jpg
4,002163.jpg
94,007830.jpg
77,000777.jpg
94,007775.jpg
56,004856.jpg
92,007611.jpg
38,003500.jpg
66,000665.jpg
42,001444.jpg
24,002954.jpg
50,004343.jpg
73,005889.jpg
69,005491.jpg
57,004897.jpg
3,000038.jpg
45,004065.jpg
14,002553.jpg
15,002593.jpg
94,007793.jpg
21,001230.jpg
10,000105.jpg
45,003961.jpg
89,007448.jpg
57,004941.jpg
75,006125.jpg
73,005907.jpg
88,007317.jpg
76,001789.jpg
33,003280.jpg
79,006580.jpg
50,004276.jpg
94,007856.jpg
65,001674.jpg
78,006490.jpg
71,005625.jpg
88,007284.jpg
83,006953.jpg
6,001084.jpg
95,007896.jpg
10,001120.jpg
88,007379.jpg
89,007478.jpg
55,004821.jpg
76,006173.jpg
45,003991.jpg
84,000848.jpg
83,006985.jpg
70,005538.jpg
71,005586.jpg
75,006066.jpg
93,007742.jpg
40,003624.jpg
85,007053.jpg
93,007650.jpg
39,003523.jpg
79,006587.jpg
72,005759.jpg
50,004476.jpg
30,003196.jpg
64,001664.jpg
72,005720.jpg
7,002276.jpg
55,001570.jpg
37,003451.jpg
87,007176.jpg
73,005810.jpg
67,001698.jpg
20,002614.jpg
50,004457.jpg
54,004711.jpg
97,008031.jpg
10,002385.jpg
15,002598.jpg
64,005311.jpg
72,005719.jpg
40,003579.jpg
99,000996.jpg
97,008017.jpg
72,001742.jpg
10,002388.jpg
76,006291.jpg
3,001055.jpg
35,003313.jpg
69,001713.jpg
16,002633.jpg
93,007717.jpg
87,007170.jpg
81,006824.jpg
42,003795.jpg
26,001289.jpg
55,000554.jpg
47,004143.jpg
25,001270.jpg
100,008150.jpg
16,000172.jpg
76,006248.jpg
76,006300.jpg
41,003658.jpg
68,005428.jpg
38,003487.jpg
11,000119.jpg
18,002757.jpg
6,002241.jpg
40,003591.jpg
76,006271.jpg
45,004064.jpg
80,006722.jpg
16,000176.jpg
28,000280.jpg
51,000516.jpg
86,001887.jpg
55,004748.jpg
9,002341.jpg
100,002021.jpg
25,000255.jpg
81,000812.jpg
50,004346.jpg
11,002432.jpg
50,004364.jpg
2,001048.jpg
80,006707.jpg
54,004730.jpg
21,002832.jpg
93,007757.jpg
84,007021.jpg
92,001946.jpg
5,000055.jpg
72,005646.jpg
42,003722.jpg
21,000215.jpg
36,003442.jpg
0,002051.jpg
95,007921.jpg
87,007257.jpg
58,000586.jpg
67,005398.jpg
90,007502.jpg
101,002039.jpg
91,007578.jpg
19,001229.jpg
95,007935.jpg
78,001805.jpg
77,001798.jpg
70,001724.jpg
20,002605.jpg
74,006031.jpg
50,004382.jpg
88,007296.jpg
72,005652.jpg
79,006539.jpg
85,000858.jpg
36,003372.jpg
79,006586.jpg
17,002714.jpg
93,007727.jpg
89,007483.jpg
49,000494.jpg
6,000068.jpg
10,002387.jpg
23,002946.jpg
72,005773.jpg
35,003317.jpg
32,000321.jpg
1,002080.jpg
64,005314.jpg
101,008175.jpg
94,007769.jpg
57,004963.jpg
41,003690.jpg
10,002399.jpg
76,006308.jpg
51,001539.jpg
42,003727.jpg
56,004853.jpg
35,003305.jpg
50,004473.jpg
73,005867.jpg
65,005359.jpg
44,003893.jpg
95,007907.jpg
38,001402.jpg
42,003720.jpg
9,002337.jpg
30,003179.jpg
82,006883.jpg
58,005012.jpg
29,003123.jpg
93,007720.jpg
88,000884.jpg
84,007024.jpg
97,008019.jpg
80,006734.jpg
19,002803.jpg
95,007916.jpg
73,005852.jpg
95,000952.jpg
33,003267.jpg
4,002194.jpg
60,005135.jpg
95,007898.jpg
87,001898.jpg
32,003242.jpg
88,007327.jpg
73,005853.jpg
30,003198.jpg
95,007889.jpg
47,004141.jpg
78,006506.jpg
59,001614.jpg
99,002012.jpg
100,008142.jpg
12,002516.jpg
72,005698.jpg
76,006146.jpg
18,002755.jpg
31,003229.jpg
85,000850.jpg
43,003870.jpg
17,002688.jpg
79,006593.jpg
6,002242.jpg
18,002776.jpg
6,002244.jpg
70,005519.jpg
87,007243.jpg
68,005420.jpg
67,005415.jpg
10,000100.jpg
67,005387.jpg
93,007636.jpg
74,005984.jpg
75,006062.jpg
87,001893.jpg
3,002140.jpg
42,003750.jpg
50,004506.jpg
94,001968.jpg
87,007166.jpg
76,006284.jpg
40,000403.jpg
5,001073.jpg
7,002290.jpg
80,006616.jpg
29,000296.jpg
34,000349.jpg
9,002343.jpg
48,004190.jpg
63,005225.jpg
19,002787.jpg
6,002231.jpg
49,004209.jpg
88,007380.jpg
27,003049.jpg
5,002202.jpg
28,003090.jpg
52,000526.jpg
46,004076.jpg
81,006787.jpg
88,007364.jpg
50,004359.jpg
41,001439.jpg
22,002903.jpg
57,004879.jpg
20,001181.jpg
21,002837.jpg
31,000317.jpg
40,003557.jpg
80,006651.jpg
50,004283.jpg
74,005959.jpg
94,007819.jpg
30,003192.jpg
88,007304.jpg
42,003783.jpg
92,000920.jpg
64,005306.jpg
35,003323.jpg
45,004074.jpg
73,005817.jpg
82,006911.jpg
90,007549.jpg
36,000361.jpg
72,005756.jpg
52,004641.jpg
59,005049.jpg
93,007725.jpg
62,005192.jpg
87,007136.jpg
32,003255.jpg
86,007130.jpg
64,005319.jpg
80,006631.jpg
35,000352.jpg
24,000247.jpg
67,001691.jpg
47,004156.jpg
15,000151.jpg
50,004318.jpg
74,000745.jpg
92,001945.jpg
74,006039.jpg
50,004485.jpg
75,006102.jpg
47,004169.jpg
86,000868.jpg
87,007139.jpg
44,001462.jpg
45,003937.jpg
50,004322.jpg
61,000610.jpg
86,007115.jpg
35,003321.jpg
88,007306.jpg
94,007787.jpg
50,004332.jpg
8,000089.jpg
62,005182.jpg
18,002775.jpg
67,000675.jpg
41,003667.jpg
24,001269.jpg
27,003024.jpg
32,001342.jpg
43,003855.jpg
76,006211.jpg
6,000060.jpg
58,001608.jpg
58,001603.jpg
68,005445.jpg
61,005153.jpg
36,003422.jpg
29,003134.jpg
86,007118.jpg
50,004414.jpg
55,004800.jpg
43,003871.jpg
59,001615.jpg
10,002411.jpg
35,003354.jpg
94,007765.jpg
43,001453.jpg
62,005174.jpg
85,000859.jpg
81,006810.jpg
46,000464.jpg
56,004863.jpg
37,003447.jpg
94,000940.jpg
53,004679.jpg
58,004998.jpg
83,000830.jpg
57,004912.jpg
6,001088.jpg
86,000860.jpg
93,007640.jpg
81,006820.jpg
12,002517.jpg
45,004018.jpg
21,002821.jpg
45,003950.jpg
31,000310.jpg
27,000274.jpg
97,008024.jpg
29,003122.jpg
88,007422.jpg
10,002389.jpg
73,005847.jpg
28,003087.jpg
84,007047.jpg
26,003007.jpg
98,008089.jpg
0,000006.jpg
7,001095.jpg
98,008085.jpg
22,002868.jpg
96,000969.jpg
72,005655.jpg
59,005082.jpg
41,001432.jpg
81,006813.jpg
72,005662.jpg
22,002854.jpg
41,003696.jpg
95,001972.jpg
14,001169.jpg
51,004570.jpg
68,005446.jpg
67,000671.jpg
29,003141.jpg
36,003368.jpg
73,005828.jpg
3,002125.jpg
37,001395.jpg
59,005055.jpg
88,007395.jpg
59,001619.jpg
1,002098.jpg
75,006090.jpg
65,005332.jpg
5,001077.jpg
81,000819.jpg
50,001522.jpg
80,006634.jpg
77,006457.jpg
64,005247.jpg
70,000702.jpg
73,005816.jpg
40,003587.jpg
83,007001.jpg
91,007579.jpg
55,004747.jpg
40,003570.jpg
22,000228.jpg
82,001841.jpg
72,005743.jpg
10,002375.jpg
84,000842.jpg
90,000902.jpg
96,007958.jpg
24,002959.jpg
72,005724.jpg
82,006882.jpg
75,006085.jpg
45,003913.jpg
59,001617.jpg
58,004973.jpg
46,004103.jpg
89,000893.jpg
72,005722.jpg
22,002922.jpg
80,006708.jpg
52,000528.jpg
3,002144.jpg
42,003804.jpg
63,005224.jpg
76,006319.jpg
9,002346.jpg
46,004108.jpg
75,006113.jpg
64,001660.jpg
12,000127.jpg
71,005588.jpg
57,004925.jpg
71,001736.jpg
42,003711.jpg
55,004796.jpg
90,007507.jpg
55,000553.jpg
18,000191.jpg
74,006032.jpg
66,005379.jpg
28,003086.jpg
6,001083.jpg
52,004615.jpg
60,005137.jpg
50,004389.jpg
57,001598.jpg
30,000309.jpg
28,003077.jpg
87,007253.jpg
90,007522.jpg
77,006480.jpg
99,008103.jpg
100,008160.jpg
88,007316.jpg
82,006936.jpg
94,007827.jpg
40,000400.jpg
27,000278.jpg
51,001535.jpg
76,006359.jpg
32,003244.jpg
42,003801.jpg
50,004366.jpg
73,005908.jpg
45,003918.jpg
74,000740.jpg
57,004892.jpg
95,007940.jpg
45,003971.jpg
36,003399.jpg
101,002030.jpg
90,000906.jpg
32,003257.jpg
26,000268.jpg
84,000847.jpg
76,006161.jpg
96,007959.jpg
80,006717.jpg
42,003786.jpg
11,002437.jpg
21,002838.jpg
81,006819.jpg
21,002816.jpg
98,000982.jpg
15,000153.jpg
53,001551.jpg
15,001178.jpg
24,002950.jpg
80,006690.jpg
56,004836.jpg
38,000387.jpg
45,003989.jpg
45,003967.jpg
22,000229.jpg
27,003053.jpg
42,003794.jpg
52,004622.jpg
57,004882.jpg
85,001870.jpg
51,000511.jpg
49,001516.jpg
61,001634.jpg
46,004110.jpg
10,001127.jpg
29,000294.jpg
11,002458.jpg
92,007606.jpg
73,005881.jpg
25,002979.jpg
67,001692.jpg
95,007931.jpg
77,006463.jpg
82,006917.jpg
64,005299.jpg
83,006969.jpg
79,006565.jpg
97,008041.jpg
70,005547.jpg
95,007933.jpg
80,006686.jpg
76,006353.jpg
19,000204.jpg
38,000385.jpg
25,002968.jpg
56,004841.jpg
55,000559.jpg
90,007498.jpg
16,002685.jpg
65,001671.jpg
57,004948.jpg
88,007338.jpg
17,002733.jpg
23,002931.jpg
13,001158.jpg
8,001109.jpg
12,002514.jpg
5,002211.jpg
45,003951.jpg
49,000493.jpg
42,003729.jpg
64,005243.jpg
72,005770.jpg
77,006432.jpg
36,001389.jpg
52,001541.jpg
58,000581.jpg
50,004505.jpg
89,007453.jpg
87,007215.jpg
30,003199.jpg
45,003983.jpg
93,007646.jpg
32,003247.jpg
50,004376.jpg
96,007945.jpg
22,002895.jpg
76,006333.jpg
0,002059.jpg
96,007950.jpg
20,001183.jpg
56,001586.jpg
40,003590.jpg
11,002489.jpg
26,002992.jpg
59,005091.jpg
40,003653.jpg
71,005597.jpg
97,007991.jpg
45,003956.jpg
16,002656.jpg
77,006401.jpg
91,007577.jpg
58,005009.jpg
9,002348.jpg
22,002871.jpg
99,002019.jpg
35,003322.jpg
72,005714.jpg
77,006450.jpg
21,000217.jpg
57,001593.jpg
83,000832.jpg
15,001172.jpg
101,002034.jpg
94,007862.jpg
35,003336.jpg
1,002076.jpg
73,000734.jpg
16,002650.jpg
76,006166.jpg
56,004864.jpg
93,007637.jpg
90,007514.jpg
15,000152.jpg
98,008062.jpg
80,000809.jpg
28,003078.jpg
10,002413.jpg
47,001497.jpg
65,001679.jpg
49,004248.jpg
56,000567.jpg
50,004419.jpg
68,001701.jpg
89,007456.jpg
80,006639.jpg
2,000021.jpg
88,007332.jpg
42,003713.jpg
52,004619.jpg
86,000864.jpg
94,007822.jpg
55,004753.jpg
26,003005.jpg
71,000710.jpg
38,003503.jpg
94,007796.jpg
13,001150.jpg
62,005183.jpg
62,001642.jpg
79,001815.jpg
81,006773.jpg
80,001823.jpg
36,001387.jpg
88,007389.jpg
87,007148.jpg
93,007632.jpg
57,001596.jpg
97,008012.jpg
76,006342.jpg
36,001385.jpg
74,006049.jpg
34,003293.jpg
83,006970.jpg
30,003190.jpg
38,003496.jpg
44,001461.jpg
49,004249.jpg
88,007333.jpg
30,000301.jpg
73,001758.jpg
19,002807.jpg
98,008090.jpg
46,000469.jpg
93,007688.jpg
98,000983.jpg
43,003843.jpg
7,001099.jpg
45,003900.jpg
81,006831.jpg
20,000160.jpg
55,004780.jpg
25,002984.jpg
89,007479.jpg
1,001038.jpg
93,007759.jpg
75,006063.jpg
37,001396.jpg
78,001801.jpg
9,002359.jpg
36,001386.jpg
64,005292.jpg
29,001312.jpg
33,003269.jpg
93,007631.jpg
98,008065.jpg
8,002323.jpg
46,004093.jpg
73,005823.jpg
78,006505.jpg
23,001259.jpg
3,001051.jpg
88,007351.jpg
95,000956.jpg
8,002330.jpg
85,001875.jpg
67,005400.jpg
50,004327.jpg
52,004635.jpg
17,002737.jpg
57,004903.jpg
58,004991.jpg
55,004794.jpg
48,001500.jpg
87,007149.jpg
88,007388.jpg
91,007565.jpg
29,003158.jpg
91,007575.jpg
6,002227.jpg
87,007188.jpg
22,002921.jpg
63,005213.jpg
2,002111.jpg
38,001405.jpg
7,002308.jpg
73,001750.jpg
37,003481.jpg
35,003307.jpg
87,007232.jpg
55,004752.jpg
15,002582.jpg
23,001251.jpg
93,007730.jpg
82,006930.jpg
23,001257.jpg
32,003245.jpg
76,006187.jpg
28,003076.jpg
40,003643.jpg
76,006317.jpg
38,003486.jpg
87,007209.jpg
45,001471.jpg
66,005364.jpg
82,006871.jpg
42,003737.jpg
90,007547.jpg
27,003014.jpg
45,004007.jpg
86,007108.jpg
67,005412.jpg
3,001057.jpg
16,002655.jpg
53,004658.jpg
35,000359.jpg
76,006336.jpg
51,004553.jpg
18,002777.jpg
41,003692.jpg
73,005897.jpg
59,005080.jpg
74,005960.jpg
65,000659.jpg
19,002780.jpg
78,006499.jpg
42,003703.jpg
77,006437.jpg
42,003770.jpg
55,001576.jpg
71,005623.jpg
60,005134.jpg
78,000786.jpg
94,007831.jpg
60,005127.jpg
44,001468.jpg
47,004173.jpg
92,007600.jpg
83,000833.jpg
76,006254.jpg
100,001005.jpg
73,005862.jpg
87,007196.jpg
13,000138.jpg
10,002363.jpg
80,006738.jpg
79,006547.jpg
79,006588.jpg
51,000512.jpg
44,000447.jpg
17,001207.jpg
96,007951.jpg
83,006992.jpg
88,007393.jpg
98,008064.jpg
80,006713.jpg
76,006331.jpg
87,007256.jpg
32,003251.jpg
80,006602.jpg
34,003284.jpg
59,005087.jpg
88,001900.jpg
40,003580.jpg
32,003248.jpg
97,008010.jpg
88,007356.jpg
50,004400.jpg
80,006733.jpg
12,002515.jpg
73,005912.jpg
45,003966.jpg
73,005825.jpg
80,006677.jpg
83,000834.jpg
23,001253.jpg
15,002594.jpg
47,004155.jpg
15,000154.jpg
55,004781.jpg
95,007900.jpg
43,003877.jpg
53,004690.jpg
82,006867.jpg
101,008181.jpg
45,004011.jpg
56,000565.jpg
57,004957.jpg
49,004244.jpg
20,001182.jpg
93,007696.jpg
8,001102.jpg
46,004077.jpg
37,000378.jpg
81,006765.jpg
75,006086.jpg
22,002908.jpg
36,003397.jpg
42,003701.jpg
64,005248.jpg
45,003905.jpg
71,000718.jpg
17,001209.jpg
75,006130.jpg
18,002751.jpg
34,003283.jpg
98,008092.jpg
1,002063.jpg
40,003657.jpg
100,001001.jpg
50,004491.jpg
78,006492.jpg
77,000775.jpg
77,006476.jpg
4,002189.jpg
20,000167.jpg
36,003375.jpg
35,003326.jpg
11,001134.jpg
50,004425.jpg
55,004829.jpg
95,007877.jpg
29,000298.jpg
73,005950.jpg
38,003493.jpg
84,000843.jpg
82,001844.jpg
83,000836.jpg
98,000980.jpg
81,006796.jpg
88,007369.jpg
75,006105.jpg
56,000562.jpg
82,006942.jpg
98,008087.jpg
49,004231.jpg
47,004159.jpg
13,002545.jpg
84,007029.jpg
26,001283.jpg
50,004312.jpg
83,006974.jpg
22,002879.jpg
44,003890.jpg
88,007430.jpg
83,006991.jpg
75,006089.jpg
27,003038.jpg
28,000287.jpg
76,006160.jpg
72,005675.jpg
22,002917.jpg
11,002448.jpg
61,005147.jpg
78,000780.jpg
38,003501.jpg
98,002008.jpg
36,003378.jpg
47,004126.jpg
8,002321.jpg
88,007274.jpg
77,006394.jpg
44,000444.jpg
32,001344.jpg
2,000027.jpg
17,002689.jpg
67,005399.jpg
76,006209.jpg
97,008050.jpg
87,007222.jpg
47,004142.jpg
75,006083.jpg
17,002708.jpg
85,007082.jpg
88,007335.jpg
52,001547.jpg
26,002989.jpg
40,003555.jpg
77,006486.jpg
76,006327.jpg
89,007449.jpg
36,003418.jpg
73,005842.jpg
9,001118.jpg
88,007363.jpg
92,007609.jpg
65,005344.jpg
64,005290.jpg
46,004085.jpg
28,003107.jpg
12,001148.jpg
70,005549.jpg
71,005581.jpg
91,000915.jpg
7,002296.jpg
96,007988.jpg
13,002549.jpg
78,006495.jpg
96,007946.jpg
73,000736.jpg
93,007622.jpg
49,000491.jpg
69,005459.jpg
18,001219.jpg
37,003452.jpg
45,003958.jpg
52,004595.jpg
59,005042.jpg
76,006234.jpg
93,001950.jpg
6,001081.jpg
79,006522.jpg
3,000033.jpg
92,007610.jpg
94,007852.jpg
86,007110.jpg
93,007668.jpg
87,007264.jpg
40,003583.jpg
15,000155.jpg
88,007277.jpg
32,003241.jpg
39,000396.jpg
50,004412.jpg
26,000260.jpg
46,001480.jpg
38,000380.jpg
88,007387.jpg
36,003446.jpg
79,006534.jpg
56,004834.jpg
50,004442.jpg
46,001488.jpg
95,007925.jpg
96,000967.jpg
28,003092.jpg
15,002585.jpg
74,006007.jpg
72,005684.jpg
80,006724.jpg
69,005489.jpg
39,003509.jpg
54,004729.jpg
43,003868.jpg
39,003530.jpg
42,003767.jpg
82,000829.jpg
45,001473.jpg
46,001486.jpg
93,007734.jpg
13,000135.jpg
66,000664.jpg
62,000623.jpg
34,001365.jpg
91,007582.jpg
42,003700.jpg
16,002623.jpg
52,000523.jpg
80,006619.jpg
40,003649.jpg
76,006329.jpg
51,004556.jpg
90,007511.jpg
4,002171.jpg
49,004258.jpg
72,005726.jpg
46,004112.jpg
74,005977.jpg
80,006667.jpg
91,001934.jpg
49,004232.jpg
61,000616.jpg
7,000077.jpg
28,000281.jpg
37,003455.jpg
89,000896.jpg
27,003017.jpg
50,004490.jpg
33,003272.jpg
39,003531.jpg
78,000789.jpg
42,003756.jpg
56,001585.jpg
76,006279.jpg
32,000328.jpg
88,000881.jpg
45,004043.jpg
72,005776.jpg
45,004020.jpg
76,006365.jpg
37,001393.jpg
38,003485.jpg
72,005777.jpg
97,008021.jpg
52,004597.jpg
53,004665.jpg
51,004551.jpg
58,001604.jpg
42,003764.jpg
98,008054.jpg
89,007452.jpg
89,007441.jpg
94,007782.jpg
34,000348.jpg
77,006479.jpg
77,006467.jpg
72,005750.jpg
87,007172.jpg
85,007074.jpg
67,001699.jpg
76,006170.jpg
30,001322.jpg
35,003315.jpg
